{"__meta":{"schema_version":3,"schema_name":"XGBoostModelV3","schema_type":"XGBoostModel"},"model_id":{"__meta":{"schema_version":3,"schema_name":"ModelKeyV3","schema_type":"Key<Model>"},"name":"XGBoost_grid__1_AutoML_20200717_163214_model_159","type":"Key<Model>","URL":"/3/Models/XGBoost_grid__1_AutoML_20200717_163214_model_159"},"algo":"xgboost","algo_full_name":"XGBoost","response_column_name":"Species","data_frame":{"__meta":{"schema_version":3,"schema_name":"FrameKeyV3","schema_type":"Key<Frame>"},"name":"automl_training_iris_binary_training.hex","type":"Key<Frame>","URL":"/3/Frames/automl_training_iris_binary_training.hex"},"timestamp":1595018417381,"have_pojo":true,"have_mojo":true,"algo":"xgboost","algo_full_name":"XGBoost","model_id":{"__meta":{"schema_version":3,"schema_name":"ModelKeyV3","schema_type":"Key<Model>"},"name":"XGBoost_grid__1_AutoML_20200717_163214_model_159","type":"Key<Model>","URL":"/3/Models/XGBoost_grid__1_AutoML_20200717_163214_model_159"},"parameters":[{"__meta":{"schema_version":3,"schema_name":"ModelParameterSchemaV3","schema_type":"Iced"},"name":"model_id","label":"model_id","help":"Destination id for this model; auto-generated if not specified.","required":false,"type":"Key<Model>","default_value":null,"actual_value":{"__meta":{"schema_version":3,"schema_name":"ModelKeyV3","schema_type":"Key<Model>"},"name":"XGBoost_grid__1_AutoML_20200717_163214_model_159","type":"Key<Model>","URL":"/3/Models/XGBoost_grid__1_AutoML_20200717_163214_model_159"},"level":"critical","values":[],"is_member_of_frames":[],"is_mutually_exclusive_with":[],"gridable":false},{"__meta":{"schema_version":3,"schema_name":"ModelParameterSchemaV3","schema_type":"Iced"},"name":"training_frame","label":"training_frame","help":"Id of the training data frame.","required":false,"type":"Key<Frame>","default_value":null,"actual_value":{"__meta":{"schema_version":3,"schema_name":"FrameKeyV3","schema_type":"Key<Frame>"},"name":"automl_training_iris_binary_training.hex","type":"Key<Frame>","URL":"/3/Frames/automl_training_iris_binary_training.hex"},"level":"critical","values":[],"is_member_of_frames":[],"is_mutually_exclusive_with":[],"gridable":false},{"__meta":{"schema_version":3,"schema_name":"ModelParameterSchemaV3","schema_type":"Iced"},"name":"validation_frame","label":"validation_frame","help":"Id of the validation data frame.","required":false,"type":"Key<Frame>","default_value":null,"actual_value":{"__meta":{"schema_version":3,"schema_name":"FrameKeyV3","schema_type":"Key<Frame>"},"name":"iris_binary_training.hex","type":"Key<Frame>","URL":"/3/Frames/iris_binary_training.hex"},"level":"critical","values":[],"is_member_of_frames":[],"is_mutually_exclusive_with":[],"gridable":true},{"__meta":{"schema_version":3,"schema_name":"ModelParameterSchemaV3","schema_type":"Iced"},"name":"nfolds","label":"nfolds","help":"Number of folds for K-fold cross-validation (0 to disable or >= 2).","required":false,"type":"int","default_value":0,"actual_value":5,"level":"critical","values":[],"is_member_of_frames":[],"is_mutually_exclusive_with":[],"gridable":false},{"__meta":{"schema_version":3,"schema_name":"ModelParameterSchemaV3","schema_type":"Iced"},"name":"keep_cross_validation_models","label":"keep_cross_validation_models","help":"Whether to keep the cross-validation models.","required":false,"type":"boolean","default_value":true,"actual_value":true,"level":"expert","values":[],"is_member_of_frames":[],"is_mutually_exclusive_with":[],"gridable":false},{"__meta":{"schema_version":3,"schema_name":"ModelParameterSchemaV3","schema_type":"Iced"},"name":"keep_cross_validation_predictions","label":"keep_cross_validation_predictions","help":"Whether to keep the predictions of the cross-validation models.","required":false,"type":"boolean","default_value":false,"actual_value":true,"level":"expert","values":[],"is_member_of_frames":[],"is_mutually_exclusive_with":[],"gridable":false},{"__meta":{"schema_version":3,"schema_name":"ModelParameterSchemaV3","schema_type":"Iced"},"name":"keep_cross_validation_fold_assignment","label":"keep_cross_validation_fold_assignment","help":"Whether to keep the cross-validation fold assignment.","required":false,"type":"boolean","default_value":false,"actual_value":false,"level":"expert","values":[],"is_member_of_frames":[],"is_mutually_exclusive_with":[],"gridable":false},{"__meta":{"schema_version":3,"schema_name":"ModelParameterSchemaV3","schema_type":"Iced"},"name":"score_each_iteration","label":"score_each_iteration","help":"Whether to score during each iteration of model training.","required":false,"type":"boolean","default_value":false,"actual_value":false,"level":"secondary","values":[],"is_member_of_frames":[],"is_mutually_exclusive_with":[],"gridable":false},{"__meta":{"schema_version":3,"schema_name":"ModelParameterSchemaV3","schema_type":"Iced"},"name":"fold_assignment","label":"fold_assignment","help":"Cross-validation fold assignment scheme, if fold_column is not specified. The 'Stratified' option will stratify the folds based on the response variable, for classification problems.","required":false,"type":"enum","default_value":"AUTO","actual_value":"Modulo","level":"secondary","values":["AUTO","Random","Modulo","Stratified"],"is_member_of_frames":[],"is_mutually_exclusive_with":[],"gridable":true},{"__meta":{"schema_version":3,"schema_name":"ModelParameterSchemaV3","schema_type":"Iced"},"name":"fold_column","label":"fold_column","help":"Column with cross-validation fold index assignment per observation.","required":false,"type":"VecSpecifier","default_value":null,"actual_value":null,"level":"secondary","values":[],"is_member_of_frames":["training_frame"],"is_mutually_exclusive_with":["response_column","weights_column","ignored_columns","offset_column"],"gridable":true},{"__meta":{"schema_version":3,"schema_name":"ModelParameterSchemaV3","schema_type":"Iced"},"name":"response_column","label":"response_column","help":"Response variable column.","required":false,"type":"VecSpecifier","default_value":null,"actual_value":{"__meta":{"schema_version":3,"schema_name":"ColSpecifierV3","schema_type":"VecSpecifier"},"column_name":"Species","is_member_of_frames":null},"level":"critical","values":[],"is_member_of_frames":["training_frame","validation_frame"],"is_mutually_exclusive_with":["weights_column","ignored_columns","offset_column","fold_column"],"gridable":true},{"__meta":{"schema_version":3,"schema_name":"ModelParameterSchemaV3","schema_type":"Iced"},"name":"ignored_columns","label":"ignored_columns","help":"Names of columns to ignore for training.","required":false,"type":"string[]","default_value":null,"actual_value":["Id"],"level":"critical","values":[],"is_member_of_frames":["training_frame","validation_frame"],"is_mutually_exclusive_with":["response_column","weights_column","offset_column","fold_column"],"gridable":false},{"__meta":{"schema_version":3,"schema_name":"ModelParameterSchemaV3","schema_type":"Iced"},"name":"ignore_const_cols","label":"ignore_const_cols","help":"Ignore constant columns.","required":false,"type":"boolean","default_value":true,"actual_value":true,"level":"critical","values":[],"is_member_of_frames":[],"is_mutually_exclusive_with":[],"gridable":false},{"__meta":{"schema_version":3,"schema_name":"ModelParameterSchemaV3","schema_type":"Iced"},"name":"offset_column","label":"offset_column","help":"Offset column. This will be added to the combination of columns before applying the link function.","required":false,"type":"VecSpecifier","default_value":null,"actual_value":null,"level":"secondary","values":[],"is_member_of_frames":["training_frame","validation_frame"],"is_mutually_exclusive_with":["response_column","weights_column","ignored_columns","fold_column"],"gridable":true},{"__meta":{"schema_version":3,"schema_name":"ModelParameterSchemaV3","schema_type":"Iced"},"name":"weights_column","label":"weights_column","help":"Column with observation weights. Giving some observation a weight of zero is equivalent to excluding it from the dataset; giving an observation a relative weight of 2 is equivalent to repeating that row twice. Negative weights are not allowed. Note: Weights are per-row observation weights and do not increase the size of the data frame. This is typically the number of times a row is repeated, but non-integer values are supported as well. During training, rows with higher weights matter more, due to the larger loss function pre-factor.","required":false,"type":"VecSpecifier","default_value":null,"actual_value":null,"level":"secondary","values":[],"is_member_of_frames":["training_frame","validation_frame"],"is_mutually_exclusive_with":["response_column","ignored_columns","offset_column","fold_column"],"gridable":true},{"__meta":{"schema_version":3,"schema_name":"ModelParameterSchemaV3","schema_type":"Iced"},"name":"stopping_rounds","label":"stopping_rounds","help":"Early stopping based on convergence of stopping_metric. Stop if simple moving average of length k of the stopping_metric does not improve for k:=stopping_rounds scoring events (0 to disable)","required":false,"type":"int","default_value":0,"actual_value":0,"level":"secondary","values":[],"is_member_of_frames":[],"is_mutually_exclusive_with":[],"gridable":true},{"__meta":{"schema_version":3,"schema_name":"ModelParameterSchemaV3","schema_type":"Iced"},"name":"stopping_metric","label":"stopping_metric","help":"Metric to use for early stopping (AUTO: logloss for classification, deviance for regression and anonomaly_score for Isolation Forest). Note that custom and custom_increasing can only be used in GBM and DRF with the Python client.","required":false,"type":"enum","default_value":"AUTO","actual_value":"logloss","level":"secondary","values":["AUTO","deviance","logloss","MSE","RMSE","MAE","RMSLE","AUC","AUCPR","lift_top_group","misclassification","mean_per_class_error","anomaly_score","custom","custom_increasing"],"is_member_of_frames":[],"is_mutually_exclusive_with":[],"gridable":true},{"__meta":{"schema_version":3,"schema_name":"ModelParameterSchemaV3","schema_type":"Iced"},"name":"stopping_tolerance","label":"stopping_tolerance","help":"Relative tolerance for metric-based stopping criterion (stop if relative improvement is not at least this much)","required":false,"type":"double","default_value":0.001,"actual_value":0.05,"level":"secondary","values":[],"is_member_of_frames":[],"is_mutually_exclusive_with":[],"gridable":true},{"__meta":{"schema_version":3,"schema_name":"ModelParameterSchemaV3","schema_type":"Iced"},"name":"max_runtime_secs","label":"max_runtime_secs","help":"Maximum allowed runtime in seconds for model training. Use 0 to disable.","required":false,"type":"double","default_value":0.0,"actual_value":0.0,"level":"secondary","values":[],"is_member_of_frames":[],"is_mutually_exclusive_with":[],"gridable":true},{"__meta":{"schema_version":3,"schema_name":"ModelParameterSchemaV3","schema_type":"Iced"},"name":"seed","label":"seed","help":"Seed for pseudo random number generator (if applicable)","required":false,"type":"long","default_value":-1,"actual_value":1887411099749579465,"level":"critical","values":[],"is_member_of_frames":[],"is_mutually_exclusive_with":[],"gridable":true},{"__meta":{"schema_version":3,"schema_name":"ModelParameterSchemaV3","schema_type":"Iced"},"name":"distribution","label":"distribution","help":"Distribution function","required":false,"type":"enum","default_value":"AUTO","actual_value":"bernoulli","level":"secondary","values":["AUTO","bernoulli","quasibinomial","ordinal","multinomial","gaussian","poisson","gamma","tweedie","laplace","quantile","huber","custom"],"is_member_of_frames":[],"is_mutually_exclusive_with":[],"gridable":true},{"__meta":{"schema_version":3,"schema_name":"ModelParameterSchemaV3","schema_type":"Iced"},"name":"tweedie_power","label":"tweedie_power","help":"Tweedie power for Tweedie regression, must be between 1 and 2.","required":false,"type":"double","default_value":1.5,"actual_value":1.5,"level":"secondary","values":[],"is_member_of_frames":[],"is_mutually_exclusive_with":[],"gridable":true},{"__meta":{"schema_version":3,"schema_name":"ModelParameterSchemaV3","schema_type":"Iced"},"name":"categorical_encoding","label":"categorical_encoding","help":"Encoding scheme for categorical features","required":false,"type":"enum","default_value":"AUTO","actual_value":"AUTO","level":"secondary","values":["AUTO","Enum","OneHotInternal","OneHotExplicit","Binary","Eigen","LabelEncoder","SortByResponse","EnumLimited"],"is_member_of_frames":[],"is_mutually_exclusive_with":[],"gridable":true},{"__meta":{"schema_version":3,"schema_name":"ModelParameterSchemaV3","schema_type":"Iced"},"name":"quiet_mode","label":"quiet_mode","help":"Enable quiet mode","required":false,"type":"boolean","default_value":true,"actual_value":true,"level":"expert","values":[],"is_member_of_frames":[],"is_mutually_exclusive_with":[],"gridable":false},{"__meta":{"schema_version":3,"schema_name":"ModelParameterSchemaV3","schema_type":"Iced"},"name":"checkpoint","label":"checkpoint","help":"Model checkpoint to resume training with.","required":false,"type":"Key<Model>","default_value":null,"actual_value":null,"level":"secondary","values":[],"is_member_of_frames":[],"is_mutually_exclusive_with":[],"gridable":false},{"__meta":{"schema_version":3,"schema_name":"ModelParameterSchemaV3","schema_type":"Iced"},"name":"export_checkpoints_dir","label":"export_checkpoints_dir","help":"Automatically export generated models to this directory.","required":false,"type":"string","default_value":null,"actual_value":null,"level":"secondary","values":[],"is_member_of_frames":[],"is_mutually_exclusive_with":[],"gridable":false},{"__meta":{"schema_version":3,"schema_name":"ModelParameterSchemaV3","schema_type":"Iced"},"name":"ntrees","label":"ntrees","help":"(same as n_estimators) Number of trees.","required":false,"type":"int","default_value":50,"actual_value":40,"level":"critical","values":[],"is_member_of_frames":[],"is_mutually_exclusive_with":[],"gridable":true},{"__meta":{"schema_version":3,"schema_name":"ModelParameterSchemaV3","schema_type":"Iced"},"name":"max_depth","label":"max_depth","help":"Maximum tree depth.","required":false,"type":"int","default_value":6,"actual_value":5,"level":"critical","values":[],"is_member_of_frames":[],"is_mutually_exclusive_with":[],"gridable":true},{"__meta":{"schema_version":3,"schema_name":"ModelParameterSchemaV3","schema_type":"Iced"},"name":"min_rows","label":"min_rows","help":"(same as min_child_weight) Fewest allowed (weighted) observations in a leaf.","required":false,"type":"double","default_value":1.0,"actual_value":1.0,"level":"critical","values":[],"is_member_of_frames":[],"is_mutually_exclusive_with":[],"gridable":true},{"__meta":{"schema_version":3,"schema_name":"ModelParameterSchemaV3","schema_type":"Iced"},"name":"min_child_weight","label":"min_child_weight","help":"(same as min_rows) Fewest allowed (weighted) observations in a leaf.","required":false,"type":"double","default_value":1.0,"actual_value":1.0,"level":"critical","values":[],"is_member_of_frames":[],"is_mutually_exclusive_with":[],"gridable":true},{"__meta":{"schema_version":3,"schema_name":"ModelParameterSchemaV3","schema_type":"Iced"},"name":"learn_rate","label":"learn_rate","help":"(same as eta) Learning rate (from 0.0 to 1.0)","required":false,"type":"double","default_value":0.3,"actual_value":0.3,"level":"critical","values":[],"is_member_of_frames":[],"is_mutually_exclusive_with":[],"gridable":true},{"__meta":{"schema_version":3,"schema_name":"ModelParameterSchemaV3","schema_type":"Iced"},"name":"eta","label":"eta","help":"(same as learn_rate) Learning rate (from 0.0 to 1.0)","required":false,"type":"double","default_value":0.3,"actual_value":0.3,"level":"critical","values":[],"is_member_of_frames":[],"is_mutually_exclusive_with":[],"gridable":true},{"__meta":{"schema_version":3,"schema_name":"ModelParameterSchemaV3","schema_type":"Iced"},"name":"sample_rate","label":"sample_rate","help":"(same as subsample) Row sample rate per tree (from 0.0 to 1.0)","required":false,"type":"double","default_value":1.0,"actual_value":0.8,"level":"critical","values":[],"is_member_of_frames":[],"is_mutually_exclusive_with":[],"gridable":true},{"__meta":{"schema_version":3,"schema_name":"ModelParameterSchemaV3","schema_type":"Iced"},"name":"subsample","label":"subsample","help":"(same as sample_rate) Row sample rate per tree (from 0.0 to 1.0)","required":false,"type":"double","default_value":1.0,"actual_value":0.8,"level":"critical","values":[],"is_member_of_frames":[],"is_mutually_exclusive_with":[],"gridable":true},{"__meta":{"schema_version":3,"schema_name":"ModelParameterSchemaV3","schema_type":"Iced"},"name":"col_sample_rate","label":"col_sample_rate","help":"(same as colsample_bylevel) Column sample rate (from 0.0 to 1.0)","required":false,"type":"double","default_value":1.0,"actual_value":0.6,"level":"critical","values":[],"is_member_of_frames":[],"is_mutually_exclusive_with":[],"gridable":true},{"__meta":{"schema_version":3,"schema_name":"ModelParameterSchemaV3","schema_type":"Iced"},"name":"colsample_bylevel","label":"colsample_bylevel","help":"(same as col_sample_rate) Column sample rate (from 0.0 to 1.0)","required":false,"type":"double","default_value":1.0,"actual_value":0.6,"level":"critical","values":[],"is_member_of_frames":[],"is_mutually_exclusive_with":[],"gridable":true},{"__meta":{"schema_version":3,"schema_name":"ModelParameterSchemaV3","schema_type":"Iced"},"name":"col_sample_rate_per_tree","label":"col_sample_rate_per_tree","help":"(same as colsample_bytree) Column sample rate per tree (from 0.0 to 1.0)","required":false,"type":"double","default_value":1.0,"actual_value":1.0,"level":"secondary","values":[],"is_member_of_frames":[],"is_mutually_exclusive_with":[],"gridable":true},{"__meta":{"schema_version":3,"schema_name":"ModelParameterSchemaV3","schema_type":"Iced"},"name":"colsample_bytree","label":"colsample_bytree","help":"(same as col_sample_rate_per_tree) Column sample rate per tree (from 0.0 to 1.0)","required":false,"type":"double","default_value":1.0,"actual_value":1.0,"level":"secondary","values":[],"is_member_of_frames":[],"is_mutually_exclusive_with":[],"gridable":true},{"__meta":{"schema_version":3,"schema_name":"ModelParameterSchemaV3","schema_type":"Iced"},"name":"max_abs_leafnode_pred","label":"max_abs_leafnode_pred","help":"(same as max_delta_step) Maximum absolute value of a leaf node prediction","required":false,"type":"float","default_value":0.0,"actual_value":0.0,"level":"expert","values":[],"is_member_of_frames":[],"is_mutually_exclusive_with":[],"gridable":true},{"__meta":{"schema_version":3,"schema_name":"ModelParameterSchemaV3","schema_type":"Iced"},"name":"max_delta_step","label":"max_delta_step","help":"(same as max_abs_leafnode_pred) Maximum absolute value of a leaf node prediction","required":false,"type":"float","default_value":0.0,"actual_value":0.0,"level":"expert","values":[],"is_member_of_frames":[],"is_mutually_exclusive_with":[],"gridable":true},{"__meta":{"schema_version":3,"schema_name":"ModelParameterSchemaV3","schema_type":"Iced"},"name":"monotone_constraints","label":"monotone_constraints","help":"A mapping representing monotonic constraints. Use +1 to enforce an increasing constraint and -1 to specify a decreasing constraint.","required":false,"type":"KeyValue[]","default_value":null,"actual_value":[],"level":"secondary","values":[],"is_member_of_frames":[],"is_mutually_exclusive_with":[],"gridable":false},{"__meta":{"schema_version":3,"schema_name":"ModelParameterSchemaV3","schema_type":"Iced"},"name":"score_tree_interval","label":"score_tree_interval","help":"Score the model after every so many trees. Disabled if set to 0.","required":false,"type":"int","default_value":0,"actual_value":5,"level":"secondary","values":[],"is_member_of_frames":[],"is_mutually_exclusive_with":[],"gridable":false},{"__meta":{"schema_version":3,"schema_name":"ModelParameterSchemaV3","schema_type":"Iced"},"name":"min_split_improvement","label":"min_split_improvement","help":"(same as gamma) Minimum relative improvement in squared error reduction for a split to happen","required":false,"type":"float","default_value":0.0,"actual_value":0.0,"level":"secondary","values":[],"is_member_of_frames":[],"is_mutually_exclusive_with":[],"gridable":true},{"__meta":{"schema_version":3,"schema_name":"ModelParameterSchemaV3","schema_type":"Iced"},"name":"gamma","label":"gamma","help":"(same as min_split_improvement) Minimum relative improvement in squared error reduction for a split to happen","required":false,"type":"float","default_value":0.0,"actual_value":0.0,"level":"secondary","values":[],"is_member_of_frames":[],"is_mutually_exclusive_with":[],"gridable":true},{"__meta":{"schema_version":3,"schema_name":"ModelParameterSchemaV3","schema_type":"Iced"},"name":"nthread","label":"nthread","help":"Number of parallel threads that can be used to run XGBoost. Cannot exceed H2O cluster limits (-nthreads parameter). Defaults to maximum available","required":false,"type":"int","default_value":-1,"actual_value":-1,"level":"expert","values":[],"is_member_of_frames":[],"is_mutually_exclusive_with":[],"gridable":false},{"__meta":{"schema_version":3,"schema_name":"ModelParameterSchemaV3","schema_type":"Iced"},"name":"save_matrix_directory","label":"save_matrix_directory","help":"Directory where to save matrices passed to XGBoost library. Useful for debugging.","required":false,"type":"string","default_value":null,"actual_value":null,"level":"expert","values":[],"is_member_of_frames":[],"is_mutually_exclusive_with":[],"gridable":false},{"__meta":{"schema_version":3,"schema_name":"ModelParameterSchemaV3","schema_type":"Iced"},"name":"build_tree_one_node","label":"build_tree_one_node","help":"Run on one node only; no network overhead but fewer cpus used. Suitable for small datasets.","required":false,"type":"boolean","default_value":false,"actual_value":false,"level":"expert","values":[],"is_member_of_frames":[],"is_mutually_exclusive_with":[],"gridable":false},{"__meta":{"schema_version":3,"schema_name":"ModelParameterSchemaV3","schema_type":"Iced"},"name":"calibrate_model","label":"calibrate_model","help":"Use Platt Scaling to calculate calibrated class probabilities. Calibration can provide more accurate estimates of class probabilities.","required":false,"type":"boolean","default_value":false,"actual_value":false,"level":"expert","values":[],"is_member_of_frames":[],"is_mutually_exclusive_with":[],"gridable":false},{"__meta":{"schema_version":3,"schema_name":"ModelParameterSchemaV3","schema_type":"Iced"},"name":"calibration_frame","label":"calibration_frame","help":"Calibration frame for Platt Scaling","required":false,"type":"Key<Frame>","default_value":null,"actual_value":null,"level":"expert","values":[],"is_member_of_frames":[],"is_mutually_exclusive_with":[],"gridable":false},{"__meta":{"schema_version":3,"schema_name":"ModelParameterSchemaV3","schema_type":"Iced"},"name":"max_bins","label":"max_bins","help":"For tree_method=hist only: maximum number of bins","required":false,"type":"int","default_value":256,"actual_value":256,"level":"expert","values":[],"is_member_of_frames":[],"is_mutually_exclusive_with":[],"gridable":true},{"__meta":{"schema_version":3,"schema_name":"ModelParameterSchemaV3","schema_type":"Iced"},"name":"max_leaves","label":"max_leaves","help":"For tree_method=hist only: maximum number of leaves","required":false,"type":"int","default_value":0,"actual_value":0,"level":"secondary","values":[],"is_member_of_frames":[],"is_mutually_exclusive_with":[],"gridable":true},{"__meta":{"schema_version":3,"schema_name":"ModelParameterSchemaV3","schema_type":"Iced"},"name":"min_sum_hessian_in_leaf","label":"min_sum_hessian_in_leaf","help":"For tree_method=hist only: the mininum sum of hessian in a leaf to keep splitting","required":false,"type":"float","default_value":100.0,"actual_value":100.0,"level":"expert","values":[],"is_member_of_frames":[],"is_mutually_exclusive_with":[],"gridable":true},{"__meta":{"schema_version":3,"schema_name":"ModelParameterSchemaV3","schema_type":"Iced"},"name":"min_data_in_leaf","label":"min_data_in_leaf","help":"For tree_method=hist only: the mininum data in a leaf to keep splitting","required":false,"type":"float","default_value":0.0,"actual_value":0.0,"level":"expert","values":[],"is_member_of_frames":[],"is_mutually_exclusive_with":[],"gridable":true},{"__meta":{"schema_version":3,"schema_name":"ModelParameterSchemaV3","schema_type":"Iced"},"name":"sample_type","label":"sample_type","help":"For booster=dart only: sample_type","required":false,"type":"enum","default_value":"uniform","actual_value":"uniform","level":"expert","values":["uniform","weighted"],"is_member_of_frames":[],"is_mutually_exclusive_with":[],"gridable":true},{"__meta":{"schema_version":3,"schema_name":"ModelParameterSchemaV3","schema_type":"Iced"},"name":"normalize_type","label":"normalize_type","help":"For booster=dart only: normalize_type","required":false,"type":"enum","default_value":"tree","actual_value":"tree","level":"expert","values":["tree","forest"],"is_member_of_frames":[],"is_mutually_exclusive_with":[],"gridable":true},{"__meta":{"schema_version":3,"schema_name":"ModelParameterSchemaV3","schema_type":"Iced"},"name":"rate_drop","label":"rate_drop","help":"For booster=dart only: rate_drop (0..1)","required":false,"type":"float","default_value":0.0,"actual_value":0.0,"level":"expert","values":[],"is_member_of_frames":[],"is_mutually_exclusive_with":[],"gridable":true},{"__meta":{"schema_version":3,"schema_name":"ModelParameterSchemaV3","schema_type":"Iced"},"name":"one_drop","label":"one_drop","help":"For booster=dart only: one_drop","required":false,"type":"boolean","default_value":false,"actual_value":false,"level":"expert","values":[],"is_member_of_frames":[],"is_mutually_exclusive_with":[],"gridable":true},{"__meta":{"schema_version":3,"schema_name":"ModelParameterSchemaV3","schema_type":"Iced"},"name":"skip_drop","label":"skip_drop","help":"For booster=dart only: skip_drop (0..1)","required":false,"type":"float","default_value":0.0,"actual_value":0.0,"level":"expert","values":[],"is_member_of_frames":[],"is_mutually_exclusive_with":[],"gridable":true},{"__meta":{"schema_version":3,"schema_name":"ModelParameterSchemaV3","schema_type":"Iced"},"name":"tree_method","label":"tree_method","help":"Tree method","required":false,"type":"enum","default_value":"auto","actual_value":"auto","level":"secondary","values":["auto","exact","approx","hist"],"is_member_of_frames":[],"is_mutually_exclusive_with":[],"gridable":true},{"__meta":{"schema_version":3,"schema_name":"ModelParameterSchemaV3","schema_type":"Iced"},"name":"grow_policy","label":"grow_policy","help":"Grow policy - depthwise is standard GBM, lossguide is LightGBM","required":false,"type":"enum","default_value":"depthwise","actual_value":"depthwise","level":"secondary","values":["depthwise","lossguide"],"is_member_of_frames":[],"is_mutually_exclusive_with":[],"gridable":true},{"__meta":{"schema_version":3,"schema_name":"ModelParameterSchemaV3","schema_type":"Iced"},"name":"booster","label":"booster","help":"Booster type","required":false,"type":"enum","default_value":"gbtree","actual_value":"gbtree","level":"expert","values":["gbtree","gblinear","dart"],"is_member_of_frames":[],"is_mutually_exclusive_with":[],"gridable":true},{"__meta":{"schema_version":3,"schema_name":"ModelParameterSchemaV3","schema_type":"Iced"},"name":"reg_lambda","label":"reg_lambda","help":"L2 regularization","required":false,"type":"float","default_value":1.0,"actual_value":0.01,"level":"expert","values":[],"is_member_of_frames":[],"is_mutually_exclusive_with":[],"gridable":true},{"__meta":{"schema_version":3,"schema_name":"ModelParameterSchemaV3","schema_type":"Iced"},"name":"reg_alpha","label":"reg_alpha","help":"L1 regularization","required":false,"type":"float","default_value":0.0,"actual_value":0.1,"level":"expert","values":[],"is_member_of_frames":[],"is_mutually_exclusive_with":[],"gridable":true},{"__meta":{"schema_version":3,"schema_name":"ModelParameterSchemaV3","schema_type":"Iced"},"name":"dmatrix_type","label":"dmatrix_type","help":"Type of DMatrix. For sparse, NAs and 0 are treated equally.","required":false,"type":"enum","default_value":"auto","actual_value":"auto","level":"secondary","values":["auto","dense","sparse"],"is_member_of_frames":[],"is_mutually_exclusive_with":[],"gridable":true},{"__meta":{"schema_version":3,"schema_name":"ModelParameterSchemaV3","schema_type":"Iced"},"name":"backend","label":"backend","help":"Backend. By default (auto), a GPU is used if available.","required":false,"type":"enum","default_value":"auto","actual_value":"auto","level":"expert","values":["auto","gpu","cpu"],"is_member_of_frames":[],"is_mutually_exclusive_with":[],"gridable":true},{"__meta":{"schema_version":3,"schema_name":"ModelParameterSchemaV3","schema_type":"Iced"},"name":"gpu_id","label":"gpu_id","help":"Which GPU to use. ","required":false,"type":"int","default_value":0,"actual_value":0,"level":"expert","values":[],"is_member_of_frames":[],"is_mutually_exclusive_with":[],"gridable":false},{"__meta":{"schema_version":3,"schema_name":"ModelParameterSchemaV3","schema_type":"Iced"},"name":"gainslift_bins","label":"gainslift_bins","help":"Gains/Lift table number of bins. 0 means disabled.. Default value -1 means automatic binning.","required":false,"type":"int","default_value":-1,"actual_value":-1,"level":"secondary","values":[],"is_member_of_frames":[],"is_mutually_exclusive_with":[],"gridable":false}],"output":{"__meta":{"schema_version":3,"schema_name":"XGBoostModelOutputV3","schema_type":"XGBoostOutput"},"names":["SepalLengthCm","SepalWidthCm","PetalLengthCm","PetalWidthCm","Species"],"original_names":null,"column_types":["Numeric","Numeric","Numeric","Numeric","Enum"],"domains":[null,null,null,null,["Iris-setosa","Iris-versicolor"]],"cross_validation_models":[{"__meta":{"schema_version":3,"schema_name":"ModelKeyV3","schema_type":"Key<Model>"},"name":"XGBoost_grid__1_AutoML_20200717_163214_model_159_cv_1","type":"Key<Model>","URL":"/3/Models/XGBoost_grid__1_AutoML_20200717_163214_model_159_cv_1"},{"__meta":{"schema_version":3,"schema_name":"ModelKeyV3","schema_type":"Key<Model>"},"name":"XGBoost_grid__1_AutoML_20200717_163214_model_159_cv_2","type":"Key<Model>","URL":"/3/Models/XGBoost_grid__1_AutoML_20200717_163214_model_159_cv_2"},{"__meta":{"schema_version":3,"schema_name":"ModelKeyV3","schema_type":"Key<Model>"},"name":"XGBoost_grid__1_AutoML_20200717_163214_model_159_cv_3","type":"Key<Model>","URL":"/3/Models/XGBoost_grid__1_AutoML_20200717_163214_model_159_cv_3"},{"__meta":{"schema_version":3,"schema_name":"ModelKeyV3","schema_type":"Key<Model>"},"name":"XGBoost_grid__1_AutoML_20200717_163214_model_159_cv_4","type":"Key<Model>","URL":"/3/Models/XGBoost_grid__1_AutoML_20200717_163214_model_159_cv_4"},{"__meta":{"schema_version":3,"schema_name":"ModelKeyV3","schema_type":"Key<Model>"},"name":"XGBoost_grid__1_AutoML_20200717_163214_model_159_cv_5","type":"Key<Model>","URL":"/3/Models/XGBoost_grid__1_AutoML_20200717_163214_model_159_cv_5"}],"cross_validation_predictions":[{"__meta":{"schema_version":3,"schema_name":"FrameKeyV3","schema_type":"Key<Frame>"},"name":"prediction_XGBoost_grid__1_AutoML_20200717_163214_model_159_cv_1","type":"Key<Frame>","URL":"/3/Frames/prediction_XGBoost_grid__1_AutoML_20200717_163214_model_159_cv_1"},{"__meta":{"schema_version":3,"schema_name":"FrameKeyV3","schema_type":"Key<Frame>"},"name":"prediction_XGBoost_grid__1_AutoML_20200717_163214_model_159_cv_2","type":"Key<Frame>","URL":"/3/Frames/prediction_XGBoost_grid__1_AutoML_20200717_163214_model_159_cv_2"},{"__meta":{"schema_version":3,"schema_name":"FrameKeyV3","schema_type":"Key<Frame>"},"name":"prediction_XGBoost_grid__1_AutoML_20200717_163214_model_159_cv_3","type":"Key<Frame>","URL":"/3/Frames/prediction_XGBoost_grid__1_AutoML_20200717_163214_model_159_cv_3"},{"__meta":{"schema_version":3,"schema_name":"FrameKeyV3","schema_type":"Key<Frame>"},"name":"prediction_XGBoost_grid__1_AutoML_20200717_163214_model_159_cv_4","type":"Key<Frame>","URL":"/3/Frames/prediction_XGBoost_grid__1_AutoML_20200717_163214_model_159_cv_4"},{"__meta":{"schema_version":3,"schema_name":"FrameKeyV3","schema_type":"Key<Frame>"},"name":"prediction_XGBoost_grid__1_AutoML_20200717_163214_model_159_cv_5","type":"Key<Frame>","URL":"/3/Frames/prediction_XGBoost_grid__1_AutoML_20200717_163214_model_159_cv_5"}],"cross_validation_holdout_predictions_frame_id":{"__meta":{"schema_version":3,"schema_name":"FrameKeyV3","schema_type":"Key<Frame>"},"name":"cv_holdout_prediction_XGBoost_grid__1_AutoML_20200717_163214_model_159","type":"Key<Frame>","URL":"/3/Frames/cv_holdout_prediction_XGBoost_grid__1_AutoML_20200717_163214_model_159"},"cross_validation_fold_assignment_frame_id":null,"model_category":"Binomial","model_summary":{"__meta":{"schema_version":3,"schema_name":"TwoDimTableV3","schema_type":"TwoDimTable"},"name":"Model Summary","description":"","columns":[{"__meta":{"schema_version":-1,"schema_name":"ColumnSpecsBase","schema_type":"Iced"},"name":"","type":"string","format":"%s","description":""},{"__meta":{"schema_version":-1,"schema_name":"ColumnSpecsBase","schema_type":"Iced"},"name":"number_of_trees","type":"long","format":"%d","description":"Number of Trees"}],"rowcount":1,"data":[[""],[40]]},"scoring_history":{"__meta":{"schema_version":3,"schema_name":"TwoDimTableV3","schema_type":"TwoDimTable"},"name":"Scoring History","description":"","columns":[{"__meta":{"schema_version":-1,"schema_name":"ColumnSpecsBase","schema_type":"Iced"},"name":"","type":"string","format":"%s","description":""},{"__meta":{"schema_version":-1,"schema_name":"ColumnSpecsBase","schema_type":"Iced"},"name":"timestamp","type":"string","format":"%s","description":"Timestamp"},{"__meta":{"schema_version":-1,"schema_name":"ColumnSpecsBase","schema_type":"Iced"},"name":"duration","type":"string","format":"%s","description":"Duration"},{"__meta":{"schema_version":-1,"schema_name":"ColumnSpecsBase","schema_type":"Iced"},"name":"number_of_trees","type":"long","format":"%d","description":"Number of Trees"},{"__meta":{"schema_version":-1,"schema_name":"ColumnSpecsBase","schema_type":"Iced"},"name":"training_rmse","type":"double","format":"%.5f","description":"Training RMSE"},{"__meta":{"schema_version":-1,"schema_name":"ColumnSpecsBase","schema_type":"Iced"},"name":"training_logloss","type":"double","format":"%.5f","description":"Training LogLoss"},{"__meta":{"schema_version":-1,"schema_name":"ColumnSpecsBase","schema_type":"Iced"},"name":"training_auc","type":"double","format":"%.5f","description":"Training AUC"},{"__meta":{"schema_version":-1,"schema_name":"ColumnSpecsBase","schema_type":"Iced"},"name":"training_pr_auc","type":"double","format":"%.5f","description":"Training pr_auc"},{"__meta":{"schema_version":-1,"schema_name":"ColumnSpecsBase","schema_type":"Iced"},"name":"training_lift","type":"double","format":"%.5f","description":"Training Lift"},{"__meta":{"schema_version":-1,"schema_name":"ColumnSpecsBase","schema_type":"Iced"},"name":"training_classification_error","type":"double","format":"%.5f","description":"Training Classification Error"},{"__meta":{"schema_version":-1,"schema_name":"ColumnSpecsBase","schema_type":"Iced"},"name":"validation_rmse","type":"double","format":"%.5f","description":"Validation RMSE"},{"__meta":{"schema_version":-1,"schema_name":"ColumnSpecsBase","schema_type":"Iced"},"name":"validation_logloss","type":"double","format":"%.5f","description":"Validation LogLoss"},{"__meta":{"schema_version":-1,"schema_name":"ColumnSpecsBase","schema_type":"Iced"},"name":"validation_auc","type":"double","format":"%.5f","description":"Validation AUC"},{"__meta":{"schema_version":-1,"schema_name":"ColumnSpecsBase","schema_type":"Iced"},"name":"validation_pr_auc","type":"double","format":"%.5f","description":"Validation pr_auc"},{"__meta":{"schema_version":-1,"schema_name":"ColumnSpecsBase","schema_type":"Iced"},"name":"validation_lift","type":"double","format":"%.5f","description":"Validation Lift"},{"__meta":{"schema_version":-1,"schema_name":"ColumnSpecsBase","schema_type":"Iced"},"name":"validation_classification_error","type":"double","format":"%.5f","description":"Validation Classification Error"}],"rowcount":9,"data":[["","","","","","","","",""],["2020-07-17 16:38:43","2020-07-17 16:38:43","2020-07-17 16:38:43","2020-07-17 16:38:43","2020-07-17 16:38:43","2020-07-17 16:38:43","2020-07-17 16:38:43","2020-07-17 16:38:44","2020-07-17 16:38:44"],[" 5 min 51.725 sec"," 5 min 51.764 sec"," 5 min 51.775 sec"," 5 min 51.814 sec"," 5 min 51.827 sec"," 5 min 51.866 sec"," 5 min 51.915 sec"," 5 min 51.965 sec"," 5 min 51.980 sec"],[0,5,10,15,20,25,30,35,40],[0.5,0.10561311600638049,0.029185445365882762,0.022283160857547054,0.02236652505268863,0.02250571692196499,0.022509122576073425,0.02253460464418194,0.022659811023491315],[0.693147180559946,0.11043890827560246,0.028128517867140688,0.020766343982398808,0.020667167157055875,0.02062874222259866,0.02062828357721277,0.020625443833832063,0.020620622539193792],[0.5,1.0,1.0,1.0,1.0,1.0,1.0,1.0,1.0],[0.3302752293577982,1.0,1.0,1.0,1.0,1.0,1.0,1.0,1.0],[1.0,3.0277777777777777,3.0277777777777777,3.0277777777777777,3.0277777777777777,3.0277777777777777,3.0277777777777777,3.0277777777777777,3.0277777777777777],[0.6697247706422018,0.0,0.0,0.0,0.0,0.0,0.0,0.0,0.0],[0.5,0.10561311600638049,0.029185445365882762,0.022283160857547054,0.02236652505268863,0.02250571692196499,0.022509122576073425,0.02253460464418194,0.022659811023491315],[0.693147180559946,0.11043890827560246,0.028128517867140688,0.020766343982398808,0.020667167157055875,0.02062874222259866,0.02062828357721277,0.020625443833832063,0.020620622539193792],[0.5,1.0,1.0,1.0,1.0,1.0,1.0,1.0,1.0],[0.3302752293577982,1.0,1.0,1.0,1.0,1.0,1.0,1.0,1.0],[1.0,3.0277777777777777,3.0277777777777777,3.0277777777777777,3.0277777777777777,3.0277777777777777,3.0277777777777777,3.0277777777777777,3.0277777777777777],[0.6697247706422018,0.0,0.0,0.0,0.0,0.0,0.0,0.0,0.0]]},"training_metrics":{"__meta":{"schema_version":3,"schema_name":"ModelMetricsBinomialV3","schema_type":"ModelMetricsBinomial"},"model":{"__meta":{"schema_version":3,"schema_name":"ModelKeyV3","schema_type":"Key<Model>"},"name":"XGBoost_grid__1_AutoML_20200717_163214_model_159","type":"Key<Model>","URL":"/3/Models/XGBoost_grid__1_AutoML_20200717_163214_model_159"},"model_checksum":-5788257416375362180,"frame":{"__meta":{"schema_version":3,"schema_name":"FrameKeyV3","schema_type":"Key<Frame>"},"name":"automl_training_iris_binary_training.hex","type":"Key<Frame>","URL":"/3/Frames/automl_training_iris_binary_training.hex"},"frame_checksum":788002360057423568,"description":null,"model_category":"Binomial","scoring_time":1595018324042,"predictions":null,"MSE":5.134670356203385E-4,"RMSE":0.022659811023491315,"nobs":109,"custom_metric_name":null,"custom_metric_value":0.0,"r2":0.9976786522640011,"logloss":0.020620622539193792,"AUC":1.0,"pr_auc":1.0,"Gini":1.0,"mean_per_class_error":0.0,"domain":["Iris-setosa","Iris-versicolor"],"cm":{"__meta":{"schema_version":3,"schema_name":"ConfusionMatrixV3","schema_type":"ConfusionMatrix"},"table":{"__meta":{"schema_version":3,"schema_name":"TwoDimTableV3","schema_type":"TwoDimTable"},"name":"Confusion Matrix","description":"Row labels: Actual class; Column labels: Predicted class","columns":[{"__meta":{"schema_version":-1,"schema_name":"ColumnSpecsBase","schema_type":"Iced"},"name":"Iris-setosa","type":"long","format":"%d","description":"Iris-setosa"},{"__meta":{"schema_version":-1,"schema_name":"ColumnSpecsBase","schema_type":"Iced"},"name":"Iris-versicolor","type":"long","format":"%d","description":"Iris-versicolor"},{"__meta":{"schema_version":-1,"schema_name":"ColumnSpecsBase","schema_type":"Iced"},"name":"Error","type":"double","format":"%.4f","description":"Error"},{"__meta":{"schema_version":-1,"schema_name":"ColumnSpecsBase","schema_type":"Iced"},"name":"Rate","type":"string","format":"= %7s","description":"Rate"}],"rowcount":3,"data":[[73,0,73],[0,36,36],[0.0,0.0,0.0],["0 / 73","0 / 36","0 / 109"]]}},"thresholds_and_metric_scores":{"__meta":{"schema_version":3,"schema_name":"TwoDimTableV3","schema_type":"TwoDimTable"},"name":"Metrics for Thresholds","description":"Binomial metrics as a function of classification thresholds","columns":[{"__meta":{"schema_version":-1,"schema_name":"ColumnSpecsBase","schema_type":"Iced"},"name":"threshold","type":"double","format":"%f","description":"Threshold"},{"__meta":{"schema_version":-1,"schema_name":"ColumnSpecsBase","schema_type":"Iced"},"name":"f1","type":"double","format":"%f","description":"f1"},{"__meta":{"schema_version":-1,"schema_name":"ColumnSpecsBase","schema_type":"Iced"},"name":"f2","type":"double","format":"%f","description":"f2"},{"__meta":{"schema_version":-1,"schema_name":"ColumnSpecsBase","schema_type":"Iced"},"name":"f0point5","type":"double","format":"%f","description":"f0point5"},{"__meta":{"schema_version":-1,"schema_name":"ColumnSpecsBase","schema_type":"Iced"},"name":"accuracy","type":"double","format":"%f","description":"accuracy"},{"__meta":{"schema_version":-1,"schema_name":"ColumnSpecsBase","schema_type":"Iced"},"name":"precision","type":"double","format":"%f","description":"precision"},{"__meta":{"schema_version":-1,"schema_name":"ColumnSpecsBase","schema_type":"Iced"},"name":"recall","type":"double","format":"%f","description":"recall"},{"__meta":{"schema_version":-1,"schema_name":"ColumnSpecsBase","schema_type":"Iced"},"name":"specificity","type":"double","format":"%f","description":"specificity"},{"__meta":{"schema_version":-1,"schema_name":"ColumnSpecsBase","schema_type":"Iced"},"name":"absolute_mcc","type":"double","format":"%f","description":"absolute_mcc"},{"__meta":{"schema_version":-1,"schema_name":"ColumnSpecsBase","schema_type":"Iced"},"name":"min_per_class_accuracy","type":"double","format":"%f","description":"min_per_class_accuracy"},{"__meta":{"schema_version":-1,"schema_name":"ColumnSpecsBase","schema_type":"Iced"},"name":"mean_per_class_accuracy","type":"double","format":"%f","description":"mean_per_class_accuracy"},{"__meta":{"schema_version":-1,"schema_name":"ColumnSpecsBase","schema_type":"Iced"},"name":"tns","type":"long","format":"%d","description":"tns"},{"__meta":{"schema_version":-1,"schema_name":"ColumnSpecsBase","schema_type":"Iced"},"name":"fns","type":"long","format":"%d","description":"fns"},{"__meta":{"schema_version":-1,"schema_name":"ColumnSpecsBase","schema_type":"Iced"},"name":"fps","type":"long","format":"%d","description":"fps"},{"__meta":{"schema_version":-1,"schema_name":"ColumnSpecsBase","schema_type":"Iced"},"name":"tps","type":"long","format":"%d","description":"tps"},{"__meta":{"schema_version":-1,"schema_name":"ColumnSpecsBase","schema_type":"Iced"},"name":"tnr","type":"double","format":"%f","description":"tnr"},{"__meta":{"schema_version":-1,"schema_name":"ColumnSpecsBase","schema_type":"Iced"},"name":"fnr","type":"double","format":"%f","description":"fnr"},{"__meta":{"schema_version":-1,"schema_name":"ColumnSpecsBase","schema_type":"Iced"},"name":"fpr","type":"double","format":"%f","description":"fpr"},{"__meta":{"schema_version":-1,"schema_name":"ColumnSpecsBase","schema_type":"Iced"},"name":"tpr","type":"double","format":"%f","description":"tpr"},{"__meta":{"schema_version":-1,"schema_name":"ColumnSpecsBase","schema_type":"Iced"},"name":"idx","type":"int","format":"%d","description":"idx"}],"rowcount":9,"data":[[0.9708663821220398,0.970535933971405,0.9553513526916504,0.040969591587781906,0.03548743203282356,0.023342348635196686,0.023318277671933174,0.015271968208253384,0.010931030847132206],[0.8750000000000001,0.9411764705882353,1.0,0.972972972972973,0.9473684210526316,0.8181818181818181,0.8,0.7499999999999999,0.496551724137931],[0.813953488372093,0.9090909090909091,1.0,0.989010989010989,0.9782608695652175,0.9183673469387755,0.9090909090909091,0.8823529411764706,0.7114624505928854],[0.945945945945946,0.9756097560975611,1.0,0.9574468085106381,0.9183673469387754,0.7377049180327869,0.7142857142857142,0.6521739130434783,0.38135593220338987],[0.926605504587156,0.963302752293578,1.0,0.981651376146789,0.963302752293578,0.8532110091743119,0.8348623853211009,0.7798165137614679,0.3302752293577982],[1.0,1.0,1.0,0.9473684210526315,0.9,0.6923076923076923,0.6666666666666666,0.6,0.3302752293577982],[0.7777777777777778,0.8888888888888888,1.0,1.0,1.0,1.0,1.0,1.0,1.0],[1.0,1.0,1.0,0.9726027397260274,0.9452054794520548,0.7808219178082192,0.7534246575342466,0.6712328767123288,0.0],[0.837233670774616,0.9179939230260965,1.0,0.959902662693312,0.9223258271927818,0.7352339899794315,0.7087193415046826,0.6346177794762744,0.0],[0.7777777777777778,0.8888888888888888,1.0,0.9726027397260274,0.9452054794520548,0.7808219178082192,0.7534246575342466,0.6712328767123288,0.0],[0.8888888888888888,0.9444444444444444,1.0,0.9863013698630136,0.9726027397260274,0.8904109589041096,0.8767123287671232,0.8356164383561644,0.5],[73,73,73,71,69,57,55,49,0],[8,4,0,0,0,0,0,0,0],[0,0,0,2,4,16,18,24,73],[28,32,36,36,36,36,36,36,36],[1.0,1.0,1.0,0.9726027397260274,0.9452054794520548,0.7808219178082192,0.7534246575342466,0.6712328767123288,0.0],[0.2222222222222222,0.1111111111111111,0.0,0.0,0.0,0.0,0.0,0.0,0.0],[0.0,0.0,0.0,0.0273972602739726,0.0547945205479452,0.2191780821917808,0.2465753424657534,0.3287671232876712,1.0],[0.7777777777777778,0.8888888888888888,1.0,1.0,1.0,1.0,1.0,1.0,1.0],[0,1,2,3,4,5,6,7,8]]},"max_criteria_and_metric_scores":{"__meta":{"schema_version":3,"schema_name":"TwoDimTableV3","schema_type":"TwoDimTable"},"name":"Maximum Metrics","description":"Maximum metrics at their respective thresholds","columns":[{"__meta":{"schema_version":-1,"schema_name":"ColumnSpecsBase","schema_type":"Iced"},"name":"metric","type":"string","format":"%s","description":"Metric"},{"__meta":{"schema_version":-1,"schema_name":"ColumnSpecsBase","schema_type":"Iced"},"name":"threshold","type":"double","format":"%f","description":"Threshold"},{"__meta":{"schema_version":-1,"schema_name":"ColumnSpecsBase","schema_type":"Iced"},"name":"value","type":"double","format":"%f","description":"Value"},{"__meta":{"schema_version":-1,"schema_name":"ColumnSpecsBase","schema_type":"Iced"},"name":"idx","type":"long","format":"%d","description":"idx"}],"rowcount":18,"data":[["max f1","max f2","max f0point5","max accuracy","max precision","max recall","max specificity","max absolute_mcc","max min_per_class_accuracy","max mean_per_class_accuracy","max tns","max fns","max fps","max tps","max tnr","max fnr","max fpr","max tpr"],[0.9553513526916504,0.9553513526916504,0.9553513526916504,0.9553513526916504,0.9708663821220398,0.9553513526916504,0.9708663821220398,0.9553513526916504,0.9553513526916504,0.9553513526916504,0.9708663821220398,0.9708663821220398,0.010931030847132206,0.9553513526916504,0.9708663821220398,0.9708663821220398,0.010931030847132206,0.9553513526916504],[1.0,1.0,1.0,1.0,1.0,1.0,1.0,1.0,1.0,1.0,73.0,8.0,73.0,36.0,1.0,0.2222222222222222,1.0,1.0],[2,2,2,2,0,2,0,2,2,2,0,0,8,2,0,0,8,2]]},"gains_lift_table":{"__meta":{"schema_version":3,"schema_name":"TwoDimTableV3","schema_type":"TwoDimTable"},"name":"Gains/Lift Table","description":"Avg response rate: 33.03 %, avg score: 33.02 %","columns":[{"__meta":{"schema_version":-1,"schema_name":"ColumnSpecsBase","schema_type":"Iced"},"name":"group","type":"int","format":"%d","description":"Group"},{"__meta":{"schema_version":-1,"schema_name":"ColumnSpecsBase","schema_type":"Iced"},"name":"cumulative_data_fraction","type":"double","format":"%.8f","description":"Cumulative Data Fraction"},{"__meta":{"schema_version":-1,"schema_name":"ColumnSpecsBase","schema_type":"Iced"},"name":"lower_threshold","type":"double","format":"%5f","description":"Lower Threshold"},{"__meta":{"schema_version":-1,"schema_name":"ColumnSpecsBase","schema_type":"Iced"},"name":"lift","type":"double","format":"%5f","description":"Lift"},{"__meta":{"schema_version":-1,"schema_name":"ColumnSpecsBase","schema_type":"Iced"},"name":"cumulative_lift","type":"double","format":"%5f","description":"Cumulative Lift"},{"__meta":{"schema_version":-1,"schema_name":"ColumnSpecsBase","schema_type":"Iced"},"name":"response_rate","type":"double","format":"%5f","description":"Response Rate"},{"__meta":{"schema_version":-1,"schema_name":"ColumnSpecsBase","schema_type":"Iced"},"name":"score","type":"double","format":"%5f","description":"Score"},{"__meta":{"schema_version":-1,"schema_name":"ColumnSpecsBase","schema_type":"Iced"},"name":"cumulative_response_rate","type":"double","format":"%5f","description":"Cumulative Response Rate"},{"__meta":{"schema_version":-1,"schema_name":"ColumnSpecsBase","schema_type":"Iced"},"name":"cumulative_score","type":"double","format":"%5f","description":"Cumulative Score"},{"__meta":{"schema_version":-1,"schema_name":"ColumnSpecsBase","schema_type":"Iced"},"name":"capture_rate","type":"double","format":"%5f","description":"Capture Rate"},{"__meta":{"schema_version":-1,"schema_name":"ColumnSpecsBase","schema_type":"Iced"},"name":"cumulative_capture_rate","type":"double","format":"%5f","description":"Cumulative Capture Rate"},{"__meta":{"schema_version":-1,"schema_name":"ColumnSpecsBase","schema_type":"Iced"},"name":"gain","type":"double","format":"%5f","description":"Gain"},{"__meta":{"schema_version":-1,"schema_name":"ColumnSpecsBase","schema_type":"Iced"},"name":"cumulative_gain","type":"double","format":"%5f","description":"Cumulative Gain"},{"__meta":{"schema_version":-1,"schema_name":"ColumnSpecsBase","schema_type":"Iced"},"name":"kolmogorov_smirnov","type":"double","format":"%5f","description":"Kolmogorov Smirnov"}],"rowcount":5,"data":[[1,2,3,4,5],[0.25688073394495414,0.3302752293577982,0.47706422018348627,0.5504587155963303,1.0],[0.9708663821220398,0.9553513526916504,0.023342348635196686,0.015271968208253384,0.010931030847132206],[3.0277777777777777,3.0277777777777777,0.0,0.0,0.0],[3.0277777777777777,3.0277777777777777,2.096153846153846,1.8166666666666664,1.0],[1.0,1.0,0.0,0.0,0.0],[0.9708663821220398,0.9629436433315277,0.027063889428973198,0.01728354557417333,0.010931030847132206],[1.0,1.0,0.6923076923076923,0.6,0.3302752293577982],[0.9708663821220398,0.969105773501926,0.6792467322487098,0.5909849740254383,0.33022677938564926],[0.7777777777777778,0.2222222222222222,0.0,0.0,0.0],[0.7777777777777778,1.0,1.0,1.0,1.0],[202.77777777777777,202.77777777777777,-100.0,-100.0,-100.0],[202.77777777777777,202.77777777777777,109.61538461538458,81.66666666666664,0.0],[0.7777777777777778,1.0,0.7808219178082192,0.6712328767123288,0.0]]}},"validation_metrics":{"__meta":{"schema_version":3,"schema_name":"ModelMetricsBinomialV3","schema_type":"ModelMetricsBinomial"},"model":{"__meta":{"schema_version":3,"schema_name":"ModelKeyV3","schema_type":"Key<Model>"},"name":"XGBoost_grid__1_AutoML_20200717_163214_model_159","type":"Key<Model>","URL":"/3/Models/XGBoost_grid__1_AutoML_20200717_163214_model_159"},"model_checksum":-5788257416375362180,"frame":{"__meta":{"schema_version":3,"schema_name":"FrameKeyV3","schema_type":"Key<Frame>"},"name":"iris_binary_training.hex","type":"Key<Frame>","URL":"/3/Frames/iris_binary_training.hex"},"frame_checksum":788002360057423568,"description":null,"model_category":"Binomial","scoring_time":1595018324071,"predictions":null,"MSE":5.134670356203385E-4,"RMSE":0.022659811023491315,"nobs":109,"custom_metric_name":null,"custom_metric_value":0.0,"r2":0.9976786522640011,"logloss":0.020620622539193792,"AUC":1.0,"pr_auc":1.0,"Gini":1.0,"mean_per_class_error":0.0,"domain":["Iris-setosa","Iris-versicolor"],"cm":{"__meta":{"schema_version":3,"schema_name":"ConfusionMatrixV3","schema_type":"ConfusionMatrix"},"table":{"__meta":{"schema_version":3,"schema_name":"TwoDimTableV3","schema_type":"TwoDimTable"},"name":"Confusion Matrix","description":"Row labels: Actual class; Column labels: Predicted class","columns":[{"__meta":{"schema_version":-1,"schema_name":"ColumnSpecsBase","schema_type":"Iced"},"name":"Iris-setosa","type":"long","format":"%d","description":"Iris-setosa"},{"__meta":{"schema_version":-1,"schema_name":"ColumnSpecsBase","schema_type":"Iced"},"name":"Iris-versicolor","type":"long","format":"%d","description":"Iris-versicolor"},{"__meta":{"schema_version":-1,"schema_name":"ColumnSpecsBase","schema_type":"Iced"},"name":"Error","type":"double","format":"%.4f","description":"Error"},{"__meta":{"schema_version":-1,"schema_name":"ColumnSpecsBase","schema_type":"Iced"},"name":"Rate","type":"string","format":"= %7s","description":"Rate"}],"rowcount":3,"data":[[73,0,73],[0,36,36],[0.0,0.0,0.0],["0 / 73","0 / 36","0 / 109"]]}},"thresholds_and_metric_scores":{"__meta":{"schema_version":3,"schema_name":"TwoDimTableV3","schema_type":"TwoDimTable"},"name":"Metrics for Thresholds","description":"Binomial metrics as a function of classification thresholds","columns":[{"__meta":{"schema_version":-1,"schema_name":"ColumnSpecsBase","schema_type":"Iced"},"name":"threshold","type":"double","format":"%f","description":"Threshold"},{"__meta":{"schema_version":-1,"schema_name":"ColumnSpecsBase","schema_type":"Iced"},"name":"f1","type":"double","format":"%f","description":"f1"},{"__meta":{"schema_version":-1,"schema_name":"ColumnSpecsBase","schema_type":"Iced"},"name":"f2","type":"double","format":"%f","description":"f2"},{"__meta":{"schema_version":-1,"schema_name":"ColumnSpecsBase","schema_type":"Iced"},"name":"f0point5","type":"double","format":"%f","description":"f0point5"},{"__meta":{"schema_version":-1,"schema_name":"ColumnSpecsBase","schema_type":"Iced"},"name":"accuracy","type":"double","format":"%f","description":"accuracy"},{"__meta":{"schema_version":-1,"schema_name":"ColumnSpecsBase","schema_type":"Iced"},"name":"precision","type":"double","format":"%f","description":"precision"},{"__meta":{"schema_version":-1,"schema_name":"ColumnSpecsBase","schema_type":"Iced"},"name":"recall","type":"double","format":"%f","description":"recall"},{"__meta":{"schema_version":-1,"schema_name":"ColumnSpecsBase","schema_type":"Iced"},"name":"specificity","type":"double","format":"%f","description":"specificity"},{"__meta":{"schema_version":-1,"schema_name":"ColumnSpecsBase","schema_type":"Iced"},"name":"absolute_mcc","type":"double","format":"%f","description":"absolute_mcc"},{"__meta":{"schema_version":-1,"schema_name":"ColumnSpecsBase","schema_type":"Iced"},"name":"min_per_class_accuracy","type":"double","format":"%f","description":"min_per_class_accuracy"},{"__meta":{"schema_version":-1,"schema_name":"ColumnSpecsBase","schema_type":"Iced"},"name":"mean_per_class_accuracy","type":"double","format":"%f","description":"mean_per_class_accuracy"},{"__meta":{"schema_version":-1,"schema_name":"ColumnSpecsBase","schema_type":"Iced"},"name":"tns","type":"long","format":"%d","description":"tns"},{"__meta":{"schema_version":-1,"schema_name":"ColumnSpecsBase","schema_type":"Iced"},"name":"fns","type":"long","format":"%d","description":"fns"},{"__meta":{"schema_version":-1,"schema_name":"ColumnSpecsBase","schema_type":"Iced"},"name":"fps","type":"long","format":"%d","description":"fps"},{"__meta":{"schema_version":-1,"schema_name":"ColumnSpecsBase","schema_type":"Iced"},"name":"tps","type":"long","format":"%d","description":"tps"},{"__meta":{"schema_version":-1,"schema_name":"ColumnSpecsBase","schema_type":"Iced"},"name":"tnr","type":"double","format":"%f","description":"tnr"},{"__meta":{"schema_version":-1,"schema_name":"ColumnSpecsBase","schema_type":"Iced"},"name":"fnr","type":"double","format":"%f","description":"fnr"},{"__meta":{"schema_version":-1,"schema_name":"ColumnSpecsBase","schema_type":"Iced"},"name":"fpr","type":"double","format":"%f","description":"fpr"},{"__meta":{"schema_version":-1,"schema_name":"ColumnSpecsBase","schema_type":"Iced"},"name":"tpr","type":"double","format":"%f","description":"tpr"},{"__meta":{"schema_version":-1,"schema_name":"ColumnSpecsBase","schema_type":"Iced"},"name":"idx","type":"int","format":"%d","description":"idx"}],"rowcount":9,"data":[[0.9708663821220398,0.970535933971405,0.9553513526916504,0.040969591587781906,0.03548743203282356,0.023342348635196686,0.023318277671933174,0.015271968208253384,0.010931030847132206],[0.8750000000000001,0.9411764705882353,1.0,0.972972972972973,0.9473684210526316,0.8181818181818181,0.8,0.7499999999999999,0.496551724137931],[0.813953488372093,0.9090909090909091,1.0,0.989010989010989,0.9782608695652175,0.9183673469387755,0.9090909090909091,0.8823529411764706,0.7114624505928854],[0.945945945945946,0.9756097560975611,1.0,0.9574468085106381,0.9183673469387754,0.7377049180327869,0.7142857142857142,0.6521739130434783,0.38135593220338987],[0.926605504587156,0.963302752293578,1.0,0.981651376146789,0.963302752293578,0.8532110091743119,0.8348623853211009,0.7798165137614679,0.3302752293577982],[1.0,1.0,1.0,0.9473684210526315,0.9,0.6923076923076923,0.6666666666666666,0.6,0.3302752293577982],[0.7777777777777778,0.8888888888888888,1.0,1.0,1.0,1.0,1.0,1.0,1.0],[1.0,1.0,1.0,0.9726027397260274,0.9452054794520548,0.7808219178082192,0.7534246575342466,0.6712328767123288,0.0],[0.837233670774616,0.9179939230260965,1.0,0.959902662693312,0.9223258271927818,0.7352339899794315,0.7087193415046826,0.6346177794762744,0.0],[0.7777777777777778,0.8888888888888888,1.0,0.9726027397260274,0.9452054794520548,0.7808219178082192,0.7534246575342466,0.6712328767123288,0.0],[0.8888888888888888,0.9444444444444444,1.0,0.9863013698630136,0.9726027397260274,0.8904109589041096,0.8767123287671232,0.8356164383561644,0.5],[73,73,73,71,69,57,55,49,0],[8,4,0,0,0,0,0,0,0],[0,0,0,2,4,16,18,24,73],[28,32,36,36,36,36,36,36,36],[1.0,1.0,1.0,0.9726027397260274,0.9452054794520548,0.7808219178082192,0.7534246575342466,0.6712328767123288,0.0],[0.2222222222222222,0.1111111111111111,0.0,0.0,0.0,0.0,0.0,0.0,0.0],[0.0,0.0,0.0,0.0273972602739726,0.0547945205479452,0.2191780821917808,0.2465753424657534,0.3287671232876712,1.0],[0.7777777777777778,0.8888888888888888,1.0,1.0,1.0,1.0,1.0,1.0,1.0],[0,1,2,3,4,5,6,7,8]]},"max_criteria_and_metric_scores":{"__meta":{"schema_version":3,"schema_name":"TwoDimTableV3","schema_type":"TwoDimTable"},"name":"Maximum Metrics","description":"Maximum metrics at their respective thresholds","columns":[{"__meta":{"schema_version":-1,"schema_name":"ColumnSpecsBase","schema_type":"Iced"},"name":"metric","type":"string","format":"%s","description":"Metric"},{"__meta":{"schema_version":-1,"schema_name":"ColumnSpecsBase","schema_type":"Iced"},"name":"threshold","type":"double","format":"%f","description":"Threshold"},{"__meta":{"schema_version":-1,"schema_name":"ColumnSpecsBase","schema_type":"Iced"},"name":"value","type":"double","format":"%f","description":"Value"},{"__meta":{"schema_version":-1,"schema_name":"ColumnSpecsBase","schema_type":"Iced"},"name":"idx","type":"long","format":"%d","description":"idx"}],"rowcount":18,"data":[["max f1","max f2","max f0point5","max accuracy","max precision","max recall","max specificity","max absolute_mcc","max min_per_class_accuracy","max mean_per_class_accuracy","max tns","max fns","max fps","max tps","max tnr","max fnr","max fpr","max tpr"],[0.9553513526916504,0.9553513526916504,0.9553513526916504,0.9553513526916504,0.9708663821220398,0.9553513526916504,0.9708663821220398,0.9553513526916504,0.9553513526916504,0.9553513526916504,0.9708663821220398,0.9708663821220398,0.010931030847132206,0.9553513526916504,0.9708663821220398,0.9708663821220398,0.010931030847132206,0.9553513526916504],[1.0,1.0,1.0,1.0,1.0,1.0,1.0,1.0,1.0,1.0,73.0,8.0,73.0,36.0,1.0,0.2222222222222222,1.0,1.0],[2,2,2,2,0,2,0,2,2,2,0,0,8,2,0,0,8,2]]},"gains_lift_table":{"__meta":{"schema_version":3,"schema_name":"TwoDimTableV3","schema_type":"TwoDimTable"},"name":"Gains/Lift Table","description":"Avg response rate: 33.03 %, avg score: 33.02 %","columns":[{"__meta":{"schema_version":-1,"schema_name":"ColumnSpecsBase","schema_type":"Iced"},"name":"group","type":"int","format":"%d","description":"Group"},{"__meta":{"schema_version":-1,"schema_name":"ColumnSpecsBase","schema_type":"Iced"},"name":"cumulative_data_fraction","type":"double","format":"%.8f","description":"Cumulative Data Fraction"},{"__meta":{"schema_version":-1,"schema_name":"ColumnSpecsBase","schema_type":"Iced"},"name":"lower_threshold","type":"double","format":"%5f","description":"Lower Threshold"},{"__meta":{"schema_version":-1,"schema_name":"ColumnSpecsBase","schema_type":"Iced"},"name":"lift","type":"double","format":"%5f","description":"Lift"},{"__meta":{"schema_version":-1,"schema_name":"ColumnSpecsBase","schema_type":"Iced"},"name":"cumulative_lift","type":"double","format":"%5f","description":"Cumulative Lift"},{"__meta":{"schema_version":-1,"schema_name":"ColumnSpecsBase","schema_type":"Iced"},"name":"response_rate","type":"double","format":"%5f","description":"Response Rate"},{"__meta":{"schema_version":-1,"schema_name":"ColumnSpecsBase","schema_type":"Iced"},"name":"score","type":"double","format":"%5f","description":"Score"},{"__meta":{"schema_version":-1,"schema_name":"ColumnSpecsBase","schema_type":"Iced"},"name":"cumulative_response_rate","type":"double","format":"%5f","description":"Cumulative Response Rate"},{"__meta":{"schema_version":-1,"schema_name":"ColumnSpecsBase","schema_type":"Iced"},"name":"cumulative_score","type":"double","format":"%5f","description":"Cumulative Score"},{"__meta":{"schema_version":-1,"schema_name":"ColumnSpecsBase","schema_type":"Iced"},"name":"capture_rate","type":"double","format":"%5f","description":"Capture Rate"},{"__meta":{"schema_version":-1,"schema_name":"ColumnSpecsBase","schema_type":"Iced"},"name":"cumulative_capture_rate","type":"double","format":"%5f","description":"Cumulative Capture Rate"},{"__meta":{"schema_version":-1,"schema_name":"ColumnSpecsBase","schema_type":"Iced"},"name":"gain","type":"double","format":"%5f","description":"Gain"},{"__meta":{"schema_version":-1,"schema_name":"ColumnSpecsBase","schema_type":"Iced"},"name":"cumulative_gain","type":"double","format":"%5f","description":"Cumulative Gain"},{"__meta":{"schema_version":-1,"schema_name":"ColumnSpecsBase","schema_type":"Iced"},"name":"kolmogorov_smirnov","type":"double","format":"%5f","description":"Kolmogorov Smirnov"}],"rowcount":5,"data":[[1,2,3,4,5],[0.25688073394495414,0.3302752293577982,0.47706422018348627,0.5504587155963303,1.0],[0.9708663821220398,0.9553513526916504,0.023342348635196686,0.015271968208253384,0.010931030847132206],[3.0277777777777777,3.0277777777777777,0.0,0.0,0.0],[3.0277777777777777,3.0277777777777777,2.096153846153846,1.8166666666666664,1.0],[1.0,1.0,0.0,0.0,0.0],[0.9708663821220398,0.9629436433315277,0.027063889428973198,0.01728354557417333,0.010931030847132206],[1.0,1.0,0.6923076923076923,0.6,0.3302752293577982],[0.9708663821220398,0.969105773501926,0.6792467322487098,0.5909849740254383,0.33022677938564926],[0.7777777777777778,0.2222222222222222,0.0,0.0,0.0],[0.7777777777777778,1.0,1.0,1.0,1.0],[202.77777777777777,202.77777777777777,-100.0,-100.0,-100.0],[202.77777777777777,202.77777777777777,109.61538461538458,81.66666666666664,0.0],[0.7777777777777778,1.0,0.7808219178082192,0.6712328767123288,0.0]]}},"cross_validation_metrics":{"__meta":{"schema_version":3,"schema_name":"ModelMetricsBinomialV3","schema_type":"ModelMetricsBinomial"},"model":{"__meta":{"schema_version":3,"schema_name":"ModelKeyV3","schema_type":"Key<Model>"},"name":"XGBoost_grid__1_AutoML_20200717_163214_model_159","type":"Key<Model>","URL":"/3/Models/XGBoost_grid__1_AutoML_20200717_163214_model_159"},"model_checksum":-5788257416375362180,"frame":{"__meta":{"schema_version":3,"schema_name":"FrameKeyV3","schema_type":"Key<Frame>"},"name":"automl_training_iris_binary_training.hex","type":"Key<Frame>","URL":"/3/Frames/automl_training_iris_binary_training.hex"},"frame_checksum":788002360057423568,"description":"5-fold cross-validation on training data (Metrics computed for combined holdout predictions)","model_category":"Binomial","scoring_time":1595018324078,"predictions":null,"MSE":8.010225333173148E-4,"RMSE":0.02830234148117987,"nobs":109,"custom_metric_name":null,"custom_metric_value":0.0,"r2":0.9963786344298543,"logloss":0.02575518684444609,"AUC":1.0,"pr_auc":1.0,"Gini":1.0,"mean_per_class_error":0.0,"domain":["Iris-setosa","Iris-versicolor"],"cm":{"__meta":{"schema_version":3,"schema_name":"ConfusionMatrixV3","schema_type":"ConfusionMatrix"},"table":{"__meta":{"schema_version":3,"schema_name":"TwoDimTableV3","schema_type":"TwoDimTable"},"name":"Confusion Matrix","description":"Row labels: Actual class; Column labels: Predicted class","columns":[{"__meta":{"schema_version":-1,"schema_name":"ColumnSpecsBase","schema_type":"Iced"},"name":"Iris-setosa","type":"long","format":"%d","description":"Iris-setosa"},{"__meta":{"schema_version":-1,"schema_name":"ColumnSpecsBase","schema_type":"Iced"},"name":"Iris-versicolor","type":"long","format":"%d","description":"Iris-versicolor"},{"__meta":{"schema_version":-1,"schema_name":"ColumnSpecsBase","schema_type":"Iced"},"name":"Error","type":"double","format":"%.4f","description":"Error"},{"__meta":{"schema_version":-1,"schema_name":"ColumnSpecsBase","schema_type":"Iced"},"name":"Rate","type":"string","format":"= %7s","description":"Rate"}],"rowcount":3,"data":[[73,0,73],[0,36,36],[0.0,0.0,0.0],["0 / 73","0 / 36","0 / 109"]]}},"thresholds_and_metric_scores":{"__meta":{"schema_version":3,"schema_name":"TwoDimTableV3","schema_type":"TwoDimTable"},"name":"Metrics for Thresholds","description":"Binomial metrics as a function of classification thresholds","columns":[{"__meta":{"schema_version":-1,"schema_name":"ColumnSpecsBase","schema_type":"Iced"},"name":"threshold","type":"double","format":"%f","description":"Threshold"},{"__meta":{"schema_version":-1,"schema_name":"ColumnSpecsBase","schema_type":"Iced"},"name":"f1","type":"double","format":"%f","description":"f1"},{"__meta":{"schema_version":-1,"schema_name":"ColumnSpecsBase","schema_type":"Iced"},"name":"f2","type":"double","format":"%f","description":"f2"},{"__meta":{"schema_version":-1,"schema_name":"ColumnSpecsBase","schema_type":"Iced"},"name":"f0point5","type":"double","format":"%f","description":"f0point5"},{"__meta":{"schema_version":-1,"schema_name":"ColumnSpecsBase","schema_type":"Iced"},"name":"accuracy","type":"double","format":"%f","description":"accuracy"},{"__meta":{"schema_version":-1,"schema_name":"ColumnSpecsBase","schema_type":"Iced"},"name":"precision","type":"double","format":"%f","description":"precision"},{"__meta":{"schema_version":-1,"schema_name":"ColumnSpecsBase","schema_type":"Iced"},"name":"recall","type":"double","format":"%f","description":"recall"},{"__meta":{"schema_version":-1,"schema_name":"ColumnSpecsBase","schema_type":"Iced"},"name":"specificity","type":"double","format":"%f","description":"specificity"},{"__meta":{"schema_version":-1,"schema_name":"ColumnSpecsBase","schema_type":"Iced"},"name":"absolute_mcc","type":"double","format":"%f","description":"absolute_mcc"},{"__meta":{"schema_version":-1,"schema_name":"ColumnSpecsBase","schema_type":"Iced"},"name":"min_per_class_accuracy","type":"double","format":"%f","description":"min_per_class_accuracy"},{"__meta":{"schema_version":-1,"schema_name":"ColumnSpecsBase","schema_type":"Iced"},"name":"mean_per_class_accuracy","type":"double","format":"%f","description":"mean_per_class_accuracy"},{"__meta":{"schema_version":-1,"schema_name":"ColumnSpecsBase","schema_type":"Iced"},"name":"tns","type":"long","format":"%d","description":"tns"},{"__meta":{"schema_version":-1,"schema_name":"ColumnSpecsBase","schema_type":"Iced"},"name":"fns","type":"long","format":"%d","description":"fns"},{"__meta":{"schema_version":-1,"schema_name":"ColumnSpecsBase","schema_type":"Iced"},"name":"fps","type":"long","format":"%d","description":"fps"},{"__meta":{"schema_version":-1,"schema_name":"ColumnSpecsBase","schema_type":"Iced"},"name":"tps","type":"long","format":"%d","description":"tps"},{"__meta":{"schema_version":-1,"schema_name":"ColumnSpecsBase","schema_type":"Iced"},"name":"tnr","type":"double","format":"%f","description":"tnr"},{"__meta":{"schema_version":-1,"schema_name":"ColumnSpecsBase","schema_type":"Iced"},"name":"fnr","type":"double","format":"%f","description":"fnr"},{"__meta":{"schema_version":-1,"schema_name":"ColumnSpecsBase","schema_type":"Iced"},"name":"fpr","type":"double","format":"%f","description":"fpr"},{"__meta":{"schema_version":-1,"schema_name":"ColumnSpecsBase","schema_type":"Iced"},"name":"tpr","type":"double","format":"%f","description":"tpr"},{"__meta":{"schema_version":-1,"schema_name":"ColumnSpecsBase","schema_type":"Iced"},"name":"idx","type":"int","format":"%d","description":"idx"}],"rowcount":36,"data":[[0.968956708908081,0.9670172929763794,0.9669942259788513,0.9669845104217529,0.9667198657989502,0.9597316980361938,0.957219660282135,0.9546112418174744,0.9522626996040344,0.9511048793792725,0.9473938345909119,0.9459235668182373,0.9390336275100708,0.931643009185791,0.051073599606752396,0.05103994533419609,0.0496523454785347,0.048728927969932556,0.034060899168252945,0.031762368977069855,0.031670376658439636,0.025672681629657745,0.023321110755205154,0.022705210372805595,0.022206716239452362,0.02060808427631855,0.02039630152285099,0.020341355353593826,0.020001035183668137,0.017616309225559235,0.016691159456968307,0.014799639582633972,0.01427773293107748,0.0140585508197546,0.013971966691315174,0.013632692396640778],[0.24390243902439027,0.46808510638297873,0.6415094339622641,0.7586206896551725,0.8387096774193548,0.8571428571428571,0.8750000000000001,0.8923076923076924,0.9253731343283582,0.9411764705882353,0.9565217391304348,0.9714285714285714,0.9859154929577464,1.0,0.9863013698630138,0.972972972972973,0.9600000000000001,0.9473684210526316,0.9350649350649352,0.9,0.888888888888889,0.878048780487805,0.8372093023255813,0.8181818181818181,0.8,0.782608695652174,0.7741935483870968,0.7499999999999999,0.7422680412371134,0.72,0.712871287128713,0.6605504587155963,0.6,0.5538461538461539,0.5373134328358209,0.496551724137931],[0.16778523489932884,0.3548387096774194,0.5279503105590062,0.6626506024096387,0.7647058823529411,0.7894736842105263,0.813953488372093,0.838150289017341,0.8857142857142858,0.9090909090909091,0.9322033898305083,0.9550561797752809,0.9776536312849161,1.0,0.994475138121547,0.989010989010989,0.9836065573770493,0.9782608695652175,0.9729729729729731,0.9574468085106381,0.9523809523809523,0.9473684210526316,0.9278350515463917,0.9183673469387755,0.9090909090909091,0.9,0.8955223880597015,0.8823529411764706,0.8780487804878048,0.8653846153846154,0.8612440191387559,0.8294930875576038,0.7894736842105262,0.7563025210084033,0.7438016528925621,0.7114624505928854],[0.4464285714285714,0.6875,0.8173076923076923,0.8870967741935484,0.9285714285714286,0.9375,0.945945945945946,0.9539473684210525,0.9687499999999999,0.9756097560975611,0.9821428571428572,0.9883720930232559,0.9943181818181817,1.0,0.9782608695652174,0.9574468085106381,0.9375,0.9183673469387754,0.9000000000000001,0.8490566037735848,0.8333333333333334,0.8181818181818182,0.7627118644067796,0.7377049180327869,0.7142857142857142,0.6923076923076923,0.6818181818181818,0.6521739130434783,0.6428571428571428,0.6164383561643836,0.6081081081081081,0.5487804878048781,0.48387096774193544,0.4368932038834951,0.4205607476635514,0.38135593220338987],[0.7155963302752294,0.7706422018348624,0.8256880733944955,0.8715596330275229,0.908256880733945,0.9174311926605505,0.926605504587156,0.9357798165137615,0.9541284403669725,0.963302752293578,0.9724770642201835,0.981651376146789,0.9908256880733946,1.0,0.9908256880733946,0.981651376146789,0.9724770642201835,0.963302752293578,0.9541284403669725,0.926605504587156,0.9174311926605505,0.908256880733945,0.8715596330275229,0.8532110091743119,0.8348623853211009,0.8165137614678899,0.8073394495412844,0.7798165137614679,0.7706422018348624,0.7431192660550459,0.7339449541284404,0.6605504587155964,0.5596330275229358,0.46788990825688076,0.43119266055045874,0.3302752293577982],[1.0,1.0,1.0,1.0,1.0,1.0,1.0,1.0,1.0,1.0,1.0,1.0,1.0,1.0,0.972972972972973,0.9473684210526315,0.9230769230769231,0.9,0.8780487804878049,0.8181818181818182,0.8,0.782608695652174,0.72,0.6923076923076923,0.6666666666666666,0.6428571428571429,0.631578947368421,0.6,0.5901639344262295,0.5625,0.5538461538461539,0.4931506849315068,0.42857142857142855,0.3829787234042553,0.3673469387755102,0.3302752293577982],[0.1388888888888889,0.3055555555555556,0.4722222222222222,0.6111111111111112,0.7222222222222222,0.75,0.7777777777777778,0.8055555555555556,0.8611111111111112,0.8888888888888888,0.9166666666666666,0.9444444444444444,0.9722222222222222,1.0,1.0,1.0,1.0,1.0,1.0,1.0,1.0,1.0,1.0,1.0,1.0,1.0,1.0,1.0,1.0,1.0,1.0,1.0,1.0,1.0,1.0,1.0],[1.0,1.0,1.0,1.0,1.0,1.0,1.0,1.0,1.0,1.0,1.0,1.0,1.0,1.0,0.9863013698630136,0.9726027397260274,0.958904109589041,0.9452054794520548,0.9315068493150684,0.8904109589041096,0.8767123287671232,0.863013698630137,0.8082191780821918,0.7808219178082192,0.7534246575342466,0.726027397260274,0.7123287671232876,0.6712328767123288,0.6575342465753424,0.6164383561643836,0.6027397260273972,0.4931506849315068,0.3424657534246575,0.2054794520547945,0.1506849315068493,0.0],[0.3122327917425014,0.47708249784556855,0.6121258593074224,0.7160805765287429,0.7969990568710102,0.8171186736510605,0.837233670774616,0.8573619098399721,0.8977258383892495,0.9179939230260965,0.9383402667158384,0.9587800891024276,0.979328384191985,1.0,0.9796145038140932,0.959902662693312,0.9408199907555476,0.9223258271927818,0.9043829128511515,0.8535326925696406,0.8374782761443419,0.8218284644710779,0.7628353742578919,0.7352339899794315,0.7087193415046826,0.683177794017595,0.6707397803321129,0.6346177794762744,0.6229390002069951,0.5888519129139904,0.5777759765086797,0.4931506849315068,0.3831070831790977,0.2805249690023173,0.23527356058137627,0.0],[0.1388888888888889,0.3055555555555556,0.4722222222222222,0.6111111111111112,0.7222222222222222,0.75,0.7777777777777778,0.8055555555555556,0.8611111111111112,0.8888888888888888,0.9166666666666666,0.9444444444444444,0.9722222222222222,1.0,0.9863013698630136,0.9726027397260274,0.958904109589041,0.9452054794520548,0.9315068493150684,0.8904109589041096,0.8767123287671232,0.863013698630137,0.8082191780821918,0.7808219178082192,0.7534246575342466,0.726027397260274,0.7123287671232876,0.6712328767123288,0.6575342465753424,0.6164383561643836,0.6027397260273972,0.4931506849315068,0.3424657534246575,0.2054794520547945,0.1506849315068493,0.0],[0.5694444444444444,0.6527777777777778,0.7361111111111112,0.8055555555555556,0.8611111111111112,0.875,0.8888888888888888,0.9027777777777778,0.9305555555555556,0.9444444444444444,0.9583333333333333,0.9722222222222222,0.9861111111111112,1.0,0.9931506849315068,0.9863013698630136,0.9794520547945205,0.9726027397260274,0.9657534246575342,0.9452054794520548,0.9383561643835616,0.9315068493150684,0.904109589041096,0.8904109589041096,0.8767123287671232,0.863013698630137,0.8561643835616438,0.8356164383561644,0.8287671232876712,0.8082191780821918,0.8013698630136986,0.7465753424657534,0.6712328767123288,0.6027397260273972,0.5753424657534246,0.5],[73,73,73,73,73,73,73,73,73,73,73,73,73,73,72,71,70,69,68,65,64,63,59,57,55,53,52,49,48,45,44,36,25,15,11,0],[31,25,19,14,10,9,8,7,5,4,3,2,1,0,0,0,0,0,0,0,0,0,0,0,0,0,0,0,0,0,0,0,0,0,0,0],[0,0,0,0,0,0,0,0,0,0,0,0,0,0,1,2,3,4,5,8,9,10,14,16,18,20,21,24,25,28,29,37,48,58,62,73],[5,11,17,22,26,27,28,29,31,32,33,34,35,36,36,36,36,36,36,36,36,36,36,36,36,36,36,36,36,36,36,36,36,36,36,36],[1.0,1.0,1.0,1.0,1.0,1.0,1.0,1.0,1.0,1.0,1.0,1.0,1.0,1.0,0.9863013698630136,0.9726027397260274,0.958904109589041,0.9452054794520548,0.9315068493150684,0.8904109589041096,0.8767123287671232,0.863013698630137,0.8082191780821918,0.7808219178082192,0.7534246575342466,0.726027397260274,0.7123287671232876,0.6712328767123288,0.6575342465753424,0.6164383561643836,0.6027397260273972,0.4931506849315068,0.3424657534246575,0.2054794520547945,0.1506849315068493,0.0],[0.8611111111111112,0.6944444444444444,0.5277777777777778,0.3888888888888889,0.2777777777777778,0.25,0.2222222222222222,0.19444444444444445,0.1388888888888889,0.1111111111111111,0.08333333333333333,0.05555555555555555,0.027777777777777776,0.0,0.0,0.0,0.0,0.0,0.0,0.0,0.0,0.0,0.0,0.0,0.0,0.0,0.0,0.0,0.0,0.0,0.0,0.0,0.0,0.0,0.0,0.0],[0.0,0.0,0.0,0.0,0.0,0.0,0.0,0.0,0.0,0.0,0.0,0.0,0.0,0.0,0.0136986301369863,0.0273972602739726,0.0410958904109589,0.0547945205479452,0.0684931506849315,0.1095890410958904,0.1232876712328767,0.136986301369863,0.1917808219178082,0.2191780821917808,0.2465753424657534,0.273972602739726,0.2876712328767123,0.3287671232876712,0.3424657534246575,0.3835616438356164,0.3972602739726027,0.5068493150684932,0.6575342465753424,0.7945205479452054,0.8493150684931506,1.0],[0.1388888888888889,0.3055555555555556,0.4722222222222222,0.6111111111111112,0.7222222222222222,0.75,0.7777777777777778,0.8055555555555556,0.8611111111111112,0.8888888888888888,0.9166666666666666,0.9444444444444444,0.9722222222222222,1.0,1.0,1.0,1.0,1.0,1.0,1.0,1.0,1.0,1.0,1.0,1.0,1.0,1.0,1.0,1.0,1.0,1.0,1.0,1.0,1.0,1.0,1.0],[0,1,2,3,4,5,6,7,8,9,10,11,12,13,14,15,16,17,18,19,20,21,22,23,24,25,26,27,28,29,30,31,32,33,34,35]]},"max_criteria_and_metric_scores":{"__meta":{"schema_version":3,"schema_name":"TwoDimTableV3","schema_type":"TwoDimTable"},"name":"Maximum Metrics","description":"Maximum metrics at their respective thresholds","columns":[{"__meta":{"schema_version":-1,"schema_name":"ColumnSpecsBase","schema_type":"Iced"},"name":"metric","type":"string","format":"%s","description":"Metric"},{"__meta":{"schema_version":-1,"schema_name":"ColumnSpecsBase","schema_type":"Iced"},"name":"threshold","type":"double","format":"%f","description":"Threshold"},{"__meta":{"schema_version":-1,"schema_name":"ColumnSpecsBase","schema_type":"Iced"},"name":"value","type":"double","format":"%f","description":"Value"},{"__meta":{"schema_version":-1,"schema_name":"ColumnSpecsBase","schema_type":"Iced"},"name":"idx","type":"long","format":"%d","description":"idx"}],"rowcount":18,"data":[["max f1","max f2","max f0point5","max accuracy","max precision","max recall","max specificity","max absolute_mcc","max min_per_class_accuracy","max mean_per_class_accuracy","max tns","max fns","max fps","max tps","max tnr","max fnr","max fpr","max tpr"],[0.931643009185791,0.931643009185791,0.931643009185791,0.931643009185791,0.968956708908081,0.931643009185791,0.968956708908081,0.931643009185791,0.931643009185791,0.931643009185791,0.968956708908081,0.968956708908081,0.013632692396640778,0.931643009185791,0.968956708908081,0.968956708908081,0.013632692396640778,0.931643009185791],[1.0,1.0,1.0,1.0,1.0,1.0,1.0,1.0,1.0,1.0,73.0,31.0,73.0,36.0,1.0,0.8611111111111112,1.0,1.0],[13,13,13,13,0,13,0,13,13,13,0,0,35,13,0,0,35,13]]},"gains_lift_table":{"__meta":{"schema_version":3,"schema_name":"TwoDimTableV3","schema_type":"TwoDimTable"},"name":"Gains/Lift Table","description":"Avg response rate: 33.03 %, avg score: 33.07 %","columns":[{"__meta":{"schema_version":-1,"schema_name":"ColumnSpecsBase","schema_type":"Iced"},"name":"group","type":"int","format":"%d","description":"Group"},{"__meta":{"schema_version":-1,"schema_name":"ColumnSpecsBase","schema_type":"Iced"},"name":"cumulative_data_fraction","type":"double","format":"%.8f","description":"Cumulative Data Fraction"},{"__meta":{"schema_version":-1,"schema_name":"ColumnSpecsBase","schema_type":"Iced"},"name":"lower_threshold","type":"double","format":"%5f","description":"Lower Threshold"},{"__meta":{"schema_version":-1,"schema_name":"ColumnSpecsBase","schema_type":"Iced"},"name":"lift","type":"double","format":"%5f","description":"Lift"},{"__meta":{"schema_version":-1,"schema_name":"ColumnSpecsBase","schema_type":"Iced"},"name":"cumulative_lift","type":"double","format":"%5f","description":"Cumulative Lift"},{"__meta":{"schema_version":-1,"schema_name":"ColumnSpecsBase","schema_type":"Iced"},"name":"response_rate","type":"double","format":"%5f","description":"Response Rate"},{"__meta":{"schema_version":-1,"schema_name":"ColumnSpecsBase","schema_type":"Iced"},"name":"score","type":"double","format":"%5f","description":"Score"},{"__meta":{"schema_version":-1,"schema_name":"ColumnSpecsBase","schema_type":"Iced"},"name":"cumulative_response_rate","type":"double","format":"%5f","description":"Cumulative Response Rate"},{"__meta":{"schema_version":-1,"schema_name":"ColumnSpecsBase","schema_type":"Iced"},"name":"cumulative_score","type":"double","format":"%5f","description":"Cumulative Score"},{"__meta":{"schema_version":-1,"schema_name":"ColumnSpecsBase","schema_type":"Iced"},"name":"capture_rate","type":"double","format":"%5f","description":"Capture Rate"},{"__meta":{"schema_version":-1,"schema_name":"ColumnSpecsBase","schema_type":"Iced"},"name":"cumulative_capture_rate","type":"double","format":"%5f","description":"Cumulative Capture Rate"},{"__meta":{"schema_version":-1,"schema_name":"ColumnSpecsBase","schema_type":"Iced"},"name":"gain","type":"double","format":"%5f","description":"Gain"},{"__meta":{"schema_version":-1,"schema_name":"ColumnSpecsBase","schema_type":"Iced"},"name":"cumulative_gain","type":"double","format":"%5f","description":"Cumulative Gain"},{"__meta":{"schema_version":-1,"schema_name":"ColumnSpecsBase","schema_type":"Iced"},"name":"kolmogorov_smirnov","type":"double","format":"%5f","description":"Kolmogorov Smirnov"}],"rowcount":14,"data":[[1,2,3,4,5,6,7,8,9,10,11,12,13,14],[0.045871559633027525,0.045871559633027525,0.10091743119266056,0.10091743119266056,0.1559633027522936,0.2018348623853211,0.30275229357798167,0.4036697247706422,0.5137614678899083,0.5963302752293578,0.7706422018348624,0.8623853211009175,0.8990825688073395,1.0],[0.968956708908081,0.9683360958099365,0.9670172929763794,0.966998839378357,0.9669922828674317,0.9668257236480713,0.946805727481842,0.03174397051334381,0.02060808427631855,0.015177943557500847,0.01427773293107748,0.0140585508197546,0.013904111832380295,0.013632692396640778],[3.0277777777777777,0.0,3.0277777777777777,0.0,3.0277777777777777,3.0277777777777777,3.0277777777777777,0.8257575757575757,0.0,0.0,0.0,0.0,0.0,0.0],[3.0277777777777777,3.0277777777777777,3.0277777777777777,3.0277777777777777,3.0277777777777777,3.0277777777777777,3.0277777777777777,2.477272727272727,1.9464285714285714,1.676923076923077,1.2976190476190474,1.1595744680851063,1.1122448979591837,1.0],[1.0,0.0,1.0,0.0,1.0,1.0,1.0,0.2727272727272727,0.0,0.0,0.0,0.0,0.0,0.0],[0.968956708908081,0.0,0.9670172929763794,0.0,0.9669942259788513,0.9669845104217529,0.9583151069554415,0.28604027527299797,0.023472293590505917,0.01899572110010518,0.014497483100153898,0.0140585508197546,0.013971966691315174,0.013632692396640778],[1.0,1.0,1.0,1.0,1.0,1.0,1.0,0.8181818181818182,0.6428571428571429,0.5538461538461539,0.42857142857142855,0.3829787234042553,0.3673469387755102,0.3302752293577982],[0.968956708908081,0.968956708908081,0.9678988456726074,0.9678988456726074,0.9675795681336347,0.9674443277445707,0.9644012541481943,0.7948110094293952,0.6295241417496332,0.5449894373520062,0.42499720960456344,0.38128033101043485,0.3662881528749606,0.33069906970742374],[0.1388888888888889,0.0,0.16666666666666666,0.0,0.16666666666666666,0.1388888888888889,0.3055555555555556,0.08333333333333333,0.0,0.0,0.0,0.0,0.0,0.0],[0.1388888888888889,0.1388888888888889,0.3055555555555556,0.3055555555555556,0.4722222222222222,0.6111111111111112,0.9166666666666666,1.0,1.0,1.0,1.0,1.0,1.0,1.0],[202.77777777777777,-100.0,202.77777777777777,-100.0,202.77777777777777,202.77777777777777,202.77777777777777,-17.42424242424243,-100.0,-100.0,-100.0,-100.0,-100.0,-100.0],[202.77777777777777,202.77777777777777,202.77777777777777,202.77777777777777,202.77777777777777,202.77777777777777,202.77777777777777,147.72727272727272,94.64285714285714,67.6923076923077,29.761904761904745,15.957446808510634,11.22448979591837,0.0],[0.1388888888888889,0.1388888888888889,0.3055555555555556,0.3055555555555556,0.4722222222222222,0.6111111111111112,0.9166666666666666,0.8904109589041096,0.726027397260274,0.6027397260273972,0.34246575342465757,0.20547945205479456,0.15068493150684936,0.0]]}},"cross_validation_metrics_summary":{"__meta":{"schema_version":3,"schema_name":"TwoDimTableV3","schema_type":"TwoDimTable"},"name":"Cross-Validation Metrics Summary","description":"","columns":[{"__meta":{"schema_version":-1,"schema_name":"ColumnSpecsBase","schema_type":"Iced"},"name":"","type":"string","format":"%s","description":""},{"__meta":{"schema_version":-1,"schema_name":"ColumnSpecsBase","schema_type":"Iced"},"name":"mean","type":"string","format":"%s","description":"mean"},{"__meta":{"schema_version":-1,"schema_name":"ColumnSpecsBase","schema_type":"Iced"},"name":"sd","type":"string","format":"%s","description":"sd"},{"__meta":{"schema_version":-1,"schema_name":"ColumnSpecsBase","schema_type":"Iced"},"name":"cv_1_valid","type":"string","format":"%s","description":"cv_1_valid"},{"__meta":{"schema_version":-1,"schema_name":"ColumnSpecsBase","schema_type":"Iced"},"name":"cv_2_valid","type":"string","format":"%s","description":"cv_2_valid"},{"__meta":{"schema_version":-1,"schema_name":"ColumnSpecsBase","schema_type":"Iced"},"name":"cv_3_valid","type":"string","format":"%s","description":"cv_3_valid"},{"__meta":{"schema_version":-1,"schema_name":"ColumnSpecsBase","schema_type":"Iced"},"name":"cv_4_valid","type":"string","format":"%s","description":"cv_4_valid"},{"__meta":{"schema_version":-1,"schema_name":"ColumnSpecsBase","schema_type":"Iced"},"name":"cv_5_valid","type":"string","format":"%s","description":"cv_5_valid"}],"rowcount":21,"data":[["accuracy","auc","aucpr","err","err_count","f0point5","f1","f2","lift_top_group","logloss","max_per_class_error","mcc","mean_per_class_accuracy","mean_per_class_error","mse","pr_auc","precision","r2","recall","rmse","specificity"],["1.0","1.0","1.0","0.0","0.0","1.0","1.0","1.0","3.0357144","0.025783306","0.0","1.0","1.0","0.0","8.0305437E-4","1.0","1.0","0.99636066","1.0","0.028252475","1.0"],["0.0","0.0","0.0","0.0","0.0","0.0","0.0","0.0","0.1712797","0.0023146307","0.0","0.0","0.0","0.0","1.4269965E-4","0.0","0.0","6.5910956E-4","0.0","0.0024627207","0.0"],["1.0","1.0","1.0","0.0","0.0","1.0","1.0","1.0","3.142857","0.023748482","0.0","1.0","1.0","0.0","6.733419E-4","1.0","1.0","0.9968962","1.0","0.025948834","1.0"],["1.0","1.0","1.0","0.0","0.0","1.0","1.0","1.0","3.142857","0.024943074","0.0","1.0","1.0","0.0","7.723598E-4","1.0","1.0","0.9964398","1.0","0.027791362","1.0"],["1.0","1.0","1.0","0.0","0.0","1.0","1.0","1.0","2.75","0.023794895","0.0","1.0","1.0","0.0","6.9261616E-4","1.0","1.0","0.9970069","1.0","0.026317602","1.0"],["1.0","1.0","1.0","0.0","0.0","1.0","1.0","1.0","3.142857","0.027581349","0.0","1.0","1.0","0.0","8.524241E-4","1.0","1.0","0.99607074","1.0","0.029196303","1.0"],["1.0","1.0","1.0","0.0","0.0","1.0","1.0","1.0","3.0","0.028848732","0.0","1.0","1.0","0.0","0.0010245297","1.0","1.0","0.99538964","1.0","0.032008275","1.0"]]},"status":null,"start_time":1595018323783,"end_time":1595018324076,"run_time":293,"default_threshold":0.9553513526916504,"help":{"domains":"Domains for categorical columns", "__meta":"Metadata on this schema instance, to make it self-describing.", "help":"Help information for output fields", "training_metrics":"Training data model metrics", "cross_validation_models":"Cross-validation models (model ids)", "cross_validation_predictions":"Cross-validation predictions, one per cv model (deprecated, use cross_validation_holdout_predictions_frame_id instead)", "cross_validation_metrics_summary":"Cross-validation model metrics summary", "variable_importances_frequency":"Variable Importances - Frequency", "status":"Job status", "variable_importances":"Variable Importances", "model_summary":"Model summary", "variable_importances_cover":"Variable Importances - Cover", "end_time":"End time in milliseconds", "names":"Column names", "cross_validation_fold_assignment_frame_id":"Cross-validation fold assignment (each row is assigned to one holdout fold)", "sparse":"Sparse", "run_time":"Runtime in milliseconds", "default_threshold":"Default threshold used for predictions", "scoring_history":"Scoring history", "cross_validation_holdout_predictions_frame_id":"Cross-validation holdout predictions (full out-of-sample predictions on training data)", "model_category":"Category of the model (e.g., Binomial)", "native_parameters":"XGBoost Native Parameters", "column_types":"Column types", "original_names":"Original column names", "start_time":"Start time in milliseconds", "cross_validation_metrics":"Cross-validation model metrics", "validation_metrics":"Validation data model metrics"},"variable_importances":{"__meta":{"schema_version":3,"schema_name":"TwoDimTableV3","schema_type":"TwoDimTable"},"name":"Variable Importances","description":"","columns":[{"__meta":{"schema_version":-1,"schema_name":"ColumnSpecsBase","schema_type":"Iced"},"name":"variable","type":"string","format":"%s","description":"Variable"},{"__meta":{"schema_version":-1,"schema_name":"ColumnSpecsBase","schema_type":"Iced"},"name":"relative_importance","type":"double","format":"%5f","description":"Relative Importance"},{"__meta":{"schema_version":-1,"schema_name":"ColumnSpecsBase","schema_type":"Iced"},"name":"scaled_importance","type":"double","format":"%5f","description":"Scaled Importance"},{"__meta":{"schema_version":-1,"schema_name":"ColumnSpecsBase","schema_type":"Iced"},"name":"percentage","type":"double","format":"%5f","description":"Percentage"}],"rowcount":3,"data":[["PetalLengthCm","SepalLengthCm","PetalWidthCm"],[153.26878356933594,27.907493591308594,20.48873519897461],[1.0,0.18208204528930552,0.13367846160079874],[0.7600167315886177,0.13838540094174867,0.1015978674696336]]},"variable_importances_cover":{"__meta":{"schema_version":3,"schema_name":"TwoDimTableV3","schema_type":"TwoDimTable"},"name":"Variable Importances - Cover","description":"","columns":[{"__meta":{"schema_version":-1,"schema_name":"ColumnSpecsBase","schema_type":"Iced"},"name":"variable","type":"string","format":"%s","description":"Variable"},{"__meta":{"schema_version":-1,"schema_name":"ColumnSpecsBase","schema_type":"Iced"},"name":"relative_importance","type":"double","format":"%5f","description":"Relative Importance"},{"__meta":{"schema_version":-1,"schema_name":"ColumnSpecsBase","schema_type":"Iced"},"name":"scaled_importance","type":"double","format":"%5f","description":"Scaled Importance"},{"__meta":{"schema_version":-1,"schema_name":"ColumnSpecsBase","schema_type":"Iced"},"name":"percentage","type":"double","format":"%5f","description":"Percentage"}],"rowcount":3,"data":[["PetalLengthCm","SepalLengthCm","PetalWidthCm"],[81.56734466552734,22.633880615234375,21.26106071472168],[1.0,0.2774870348917965,0.26065652623490637],[0.6501343731969282,0.18040385949965224,0.16946176730341955]]},"variable_importances_frequency":{"__meta":{"schema_version":3,"schema_name":"TwoDimTableV3","schema_type":"TwoDimTable"},"name":"Variable Importances - Frequency","description":"","columns":[{"__meta":{"schema_version":-1,"schema_name":"ColumnSpecsBase","schema_type":"Iced"},"name":"variable","type":"string","format":"%s","description":"Variable"},{"__meta":{"schema_version":-1,"schema_name":"ColumnSpecsBase","schema_type":"Iced"},"name":"relative_importance","type":"double","format":"%5f","description":"Relative Importance"},{"__meta":{"schema_version":-1,"schema_name":"ColumnSpecsBase","schema_type":"Iced"},"name":"scaled_importance","type":"double","format":"%5f","description":"Scaled Importance"},{"__meta":{"schema_version":-1,"schema_name":"ColumnSpecsBase","schema_type":"Iced"},"name":"percentage","type":"double","format":"%5f","description":"Percentage"}],"rowcount":3,"data":[["PetalLengthCm","PetalWidthCm","SepalLengthCm"],[7.0,4.0,2.0],[1.0,0.5714285714285714,0.2857142857142857],[0.5384615384615384,0.3076923076923077,0.15384615384615385]]},"native_parameters":{"__meta":{"schema_version":3,"schema_name":"TwoDimTableV3","schema_type":"TwoDimTable"},"name":"Native XGBoost Parameters","description":"","columns":[{"__meta":{"schema_version":-1,"schema_name":"ColumnSpecsBase","schema_type":"Iced"},"name":"","type":"string","format":"%s","description":""},{"__meta":{"schema_version":-1,"schema_name":"ColumnSpecsBase","schema_type":"Iced"},"name":"name","type":"string","format":"%s","description":"Name"},{"__meta":{"schema_version":-1,"schema_name":"ColumnSpecsBase","schema_type":"Iced"},"name":"value","type":"string","format":"%s","description":"Value"}],"rowcount":18,"data":[["","","","","","","","","","","","","","","","","",""],["silent","eta","colsample_bylevel","objective","min_child_weight","nthread","seed","max_depth","colsample_bytree","lambda","gamma","alpha","booster","grow_policy","nround","subsample","max_delta_step","tree_method"],[true,0.3,0.6,"binary:logistic",1.0,4,1712773011,5,1.0,0.01,0.0,0.1,"gbtree","depthwise",40,0.8,0.0,"auto"]]},"sparse":false},"compatible_frames":null}
